latitude,longitude,date,max_chla
50.0,345.0,2017-05-24,1.3894848823547363
50.0,345.25,2017-04-14,1.2456978559494019
50.0,345.5,2017-04-14,1.4327176809310913
50.0,345.75,2017-04-14,1.4124832153320312
50.0,346.0,2017-06-09,1.4889122247695923
50.0,346.25,2017-06-09,1.719283103942871
50.0,346.5,2017-06-09,1.875083088874817
50.0,346.75,2017-06-09,1.8143343925476074
50.0,347.0,2017-06-09,1.5127313137054443
50.0,347.25,2017-06-09,1.5863627195358276
50.0,347.5,2017-06-09,1.7200018167495728
50.0,347.75,2017-06-09,1.7443194389343262
50.0,348.0,2017-06-09,1.575590968132019
50.0,348.25,2017-06-01,1.5701894760131836
50.0,348.5,2017-06-09,1.1791633367538452
50.0,348.75,2017-06-09,1.1461882591247559
50.0,349.0,2017-06-01,1.3661375045776367
50.0,349.25,2017-05-24,1.7731049060821533
50.0,349.5,2017-05-24,1.580118179321289
50.0,349.75,2017-05-08,0.8696287870407104
50.0,350.0,2017-04-30,0.787717878818512
50.0,350.25,2017-04-30,0.9189022779464722
50.0,350.5,2017-04-06,1.2479439973831177
50.0,350.75,2017-04-06,1.4012726545333862
50.0,351.0,2017-04-06,1.4878922700881958
50.0,351.25,2017-04-06,1.2466695308685303
50.0,351.5,2017-04-06,1.1410861015319824
50.0,351.75,2017-04-06,1.3134138584136963
50.0,352.0,2017-04-06,1.5427504777908325
50.0,352.25,2017-04-06,1.4533848762512207
50.0,352.5,2017-04-06,1.5105913877487183
50.0,352.75,2017-04-30,1.3767203092575073
50.0,353.0,2017-05-08,1.6567409038543701
50.0,353.25,2017-04-22,2.220745801925659
50.0,353.5,2017-04-22,1.6361594200134277
50.0,353.75,2017-04-22,1.6076360940933228
50.0,354.0,2017-02-09,1.151665210723877
50.0,354.25,2017-02-09,1.6148056983947754
50.0,354.5,2017-02-01,1.809894323348999
50.0,354.75,2017-02-09,1.7763302326202393
50.0,355.0,2017-02-09,1.6066114902496338
50.0,355.25,2017-09-29,1.5255389213562012
50.0,355.5,2017-02-01,1.6938281059265137
50.0,355.75,2017-09-29,1.1146539449691772
50.0,356.0,2017-10-31,1.0185284614562988
50.0,356.25,2017-08-28,0.9912498593330383
50.0,356.5,2017-02-09,1.6024978160858154
50.0,356.75,2017-02-09,1.7088525295257568
50.0,357.0,2017-02-01,1.7981313467025757
50.0,357.25,2017-02-01,1.6013240814208984
50.0,357.5,2017-02-09,1.4306776523590088
50.0,357.75,2017-02-09,1.2520326375961304
50.0,358.0,2017-03-05,1.322227954864502
50.0,358.25,2017-03-05,1.2627671957015991
50.0,358.5,2017-02-25,1.4487468004226685
50.0,358.75,2017-02-09,1.3625097274780273
50.0,359.0,2017-02-09,1.3351677656173706
50.0,359.25,2017-02-25,1.509905457496643
50.0,359.5,2017-05-16,2.022933006286621
50.0,359.75,2017-05-24,3.0065062046051025
50.25,345.0,2017-05-24,1.2592295408248901
50.25,345.25,2017-04-14,1.3903602361679077
50.25,345.5,2017-06-09,1.6828829050064087
50.25,345.75,2017-06-09,1.5745725631713867
50.25,346.0,2017-06-09,1.5597219467163086
50.25,346.25,2017-06-09,1.7385932207107544
50.25,346.5,2017-06-09,1.5964879989624023
50.25,346.75,2017-06-09,1.3309423923492432
50.25,347.0,2017-06-09,1.2962137460708618
50.25,347.25,2017-06-09,1.6353214979171753
50.25,347.5,2017-06-09,1.7838788032531738
50.25,347.75,2017-06-09,1.7829337120056152
50.25,348.0,2017-06-09,1.6581429243087769
50.25,348.25,2017-06-09,1.2885408401489258
50.25,348.5,2017-06-09,1.1927529573440552
50.25,348.75,2017-06-09,1.1041312217712402
50.25,349.0,2017-05-24,1.1863490343093872
50.25,349.25,2017-05-24,1.4743549823760986
50.25,349.5,2017-05-24,1.389763355255127
50.25,349.75,2017-05-16,1.0857245922088623
50.25,350.0,2017-04-30,0.8814674019813538
50.25,350.25,2017-04-06,1.3175864219665527
50.25,350.5,2017-04-06,1.583911418914795
50.25,350.75,2017-04-06,1.8200812339782715
50.25,351.0,2017-04-06,2.0274133682250977
50.25,351.25,2017-04-06,1.7888118028640747
50.25,351.5,2017-04-06,1.3888860940933228
50.25,351.75,2017-04-06,1.1470636129379272
50.25,352.0,2017-04-06,1.1860876083374023
50.25,352.25,2017-04-30,0.942026674747467
50.25,352.5,2017-04-06,1.1548429727554321
50.25,352.75,2017-04-06,1.4792193174362183
50.25,353.0,2017-05-08,1.5888745784759521
50.25,353.25,2017-05-08,1.5915179252624512
50.25,353.5,2017-05-08,1.203736424446106
50.25,353.75,2017-04-22,1.7676372528076172
50.25,354.0,2017-02-09,1.6611546277999878
50.25,354.25,2017-02-09,1.7543089389801025
50.25,354.5,2017-02-09,1.6594905853271484
50.25,354.75,2017-10-31,2.5777909755706787
50.25,355.0,2017-04-06,1.9516657590866089
50.25,355.25,2017-10-07,2.3506858348846436
50.25,355.5,2017-10-07,2.2804276943206787
50.25,355.75,2017-02-01,2.4923102855682373
50.25,356.0,2017-02-01,2.0816123485565186
50.25,356.25,2017-02-25,2.4990246295928955
50.25,356.5,2017-02-09,1.8612617254257202
50.25,356.75,2017-02-25,2.0914103984832764
50.25,357.0,2017-02-01,2.2385101318359375
50.25,357.25,2017-02-25,2.133510112762451
50.25,357.5,2017-02-25,2.29980731010437
50.25,357.75,2017-02-09,3.1950595378875732
50.25,358.0,2017-02-09,1.8440252542495728
50.25,358.25,2017-01-24,2.2473371028900146
50.25,358.5,2017-11-16,2.1611814498901367
50.25,358.75,2017-02-09,3.2717056274414062
50.25,359.0,2017-02-09,2.6245908737182617
50.25,359.25,2017-02-25,1.6128425598144531
50.25,359.5,2017-02-09,1.895462989807129
50.25,359.75,2017-10-15,1.9701675176620483
50.5,345.0,2017-05-24,1.1037415266036987
50.5,345.25,2017-05-24,1.1610934734344482
50.5,345.5,2017-06-09,1.687473177909851
50.5,345.75,2017-06-09,1.6606471538543701
50.5,346.0,2017-06-01,1.6940157413482666
50.5,346.25,2017-06-01,2.6809427738189697
50.5,346.5,2017-06-01,1.257093906402588
50.5,346.75,2017-06-01,1.1877659559249878
50.5,347.0,2017-06-01,1.2092446088790894
50.5,347.25,2017-06-09,0.9899187088012695
50.5,347.5,2017-06-09,1.351605772972107
50.5,347.75,2017-06-09,1.266222596168518
50.5,348.0,2017-06-09,1.181957721710205
50.5,348.25,2017-06-09,1.2411599159240723
50.5,348.5,2017-06-09,1.0474086999893188
50.5,348.75,2017-06-09,1.0360747575759888
50.5,349.0,2017-06-01,1.1692520380020142
50.5,349.25,2017-06-09,1.5181512832641602
50.5,349.5,2017-05-24,1.545320987701416
50.5,349.75,2017-05-16,1.0361948013305664
50.5,350.0,2017-05-16,0.8895833492279053
50.5,350.25,2017-04-06,1.1226589679718018
50.5,350.5,2017-04-06,1.7060829401016235
50.5,350.75,2017-04-06,1.8039145469665527
50.5,351.0,2017-04-06,2.2654144763946533
50.5,351.25,2017-04-06,2.423030376434326
50.5,351.5,2017-04-06,1.6256699562072754
50.5,351.75,2017-04-06,1.1619304418563843
50.5,352.0,2017-04-30,1.0653977394104004
50.5,352.25,2017-03-29,1.100196361541748
50.5,352.5,2017-03-29,1.0957107543945312
50.5,352.75,2017-04-30,1.2762770652770996
50.5,353.0,2017-04-30,1.2319186925888062
50.5,353.25,2017-05-08,1.3975976705551147
50.5,353.5,2017-05-08,1.317453145980835
50.5,353.75,2017-04-14,1.2237849235534668
50.5,354.0,2017-04-14,1.3560155630111694
50.5,354.25,2017-05-08,1.0375157594680786
50.5,354.5,2017-03-05,1.2105181217193604
50.5,354.75,2017-02-17,1.5770554542541504
50.5,355.0,2017-10-31,3.0508992671966553
50.5,355.25,2017-04-30,2.5710277557373047
50.5,355.5,,
50.5,355.75,,
50.5,356.0,,
50.5,356.25,,
50.5,356.5,2017-02-01,6.693954944610596
50.5,356.75,2017-02-01,4.082557678222656
50.5,357.0,2017-02-09,2.470796823501587
50.5,357.25,2017-02-09,3.163512945175171
50.5,357.5,2017-02-09,2.8824286460876465
50.5,357.75,2017-02-09,3.086540699005127
50.5,358.0,2017-03-05,3.143517255783081
50.5,358.25,2017-11-16,3.1012415885925293
50.5,358.5,2017-02-09,4.396829128265381
50.5,358.75,2017-10-31,4.392483234405518
50.5,359.0,2017-02-09,4.486753940582275
50.5,359.25,2017-02-09,4.296870231628418
50.5,359.5,2017-02-09,3.5298173427581787
50.5,359.75,2017-02-25,2.9166440963745117
50.75,345.0,2017-04-14,0.9137490391731262
50.75,345.25,2017-05-24,0.9416267275810242
50.75,345.5,2017-05-24,1.1830817461013794
50.75,345.75,2017-06-09,1.4063174724578857
50.75,346.0,2017-06-09,1.0394185781478882
50.75,346.25,2017-06-01,1.0234946012496948
50.75,346.5,2017-06-01,1.2005013227462769
50.75,346.75,2017-06-01,1.4000166654586792
50.75,347.0,2017-06-09,1.0514429807662964
50.75,347.25,2017-06-09,1.0663955211639404
50.75,347.5,2017-06-09,1.1857643127441406
50.75,347.75,2017-06-09,1.0759804248809814
50.75,348.0,2017-06-09,0.9378918409347534
50.75,348.25,2017-06-09,0.9935811161994934
50.75,348.5,2017-06-09,1.0125430822372437
50.75,348.75,2017-06-09,1.1342154741287231
50.75,349.0,2017-06-09,1.440378189086914
50.75,349.25,2017-05-24,1.5959770679473877
50.75,349.5,2017-06-09,1.4315197467803955
50.75,349.75,2017-04-22,1.1823508739471436
50.75,350.0,2017-05-16,1.245339035987854
50.75,350.25,2017-04-06,1.7647374868392944
50.75,350.5,2017-04-06,2.91249680519104
50.75,350.75,2017-04-06,2.584155797958374
50.75,351.0,2017-04-06,2.2119176387786865
50.75,351.25,2017-04-06,2.5825419425964355
50.75,351.5,2017-04-06,2.0869874954223633
50.75,351.75,2017-04-06,1.540868878364563
50.75,352.0,2017-04-06,1.4375276565551758
50.75,352.25,2017-04-06,1.5811469554901123
50.75,352.5,2017-04-06,1.5789092779159546
50.75,352.75,2017-04-30,1.2782742977142334
50.75,353.0,2017-04-06,1.2498012781143188
50.75,353.25,2017-04-06,1.142175316810608
50.75,353.5,2017-04-30,1.4108097553253174
50.75,353.75,2017-04-06,1.3173706531524658
50.75,354.0,2017-04-14,1.3628264665603638
50.75,354.25,2017-04-14,1.5092777013778687
50.75,354.5,2017-04-14,1.136723279953003
50.75,354.75,2017-09-13,1.0306905508041382
50.75,355.0,2017-05-08,1.7686885595321655
50.75,355.25,2017-10-31,3.037930727005005
50.75,355.5,2017-01-24,5.144969940185547
50.75,355.75,,
50.75,356.0,,
50.75,356.25,,
50.75,356.5,,
50.75,356.75,2017-02-09,4.752710342407227
50.75,357.0,2017-02-09,3.054673194885254
50.75,357.25,2017-02-09,2.7648115158081055
50.75,357.5,,
50.75,357.75,,
50.75,358.0,2017-03-29,3.4481823444366455
50.75,358.25,2017-02-01,5.100895881652832
50.75,358.5,2017-04-06,3.8675014972686768
50.75,358.75,,
50.75,359.0,2017-03-21,5.186050891876221
50.75,359.25,2017-05-08,6.370997905731201
50.75,359.5,2017-05-08,5.382179260253906
50.75,359.75,2017-04-22,5.755987644195557
51.0,345.0,2017-08-04,0.8053304553031921
51.0,345.25,2017-08-04,0.9234015941619873
51.0,345.5,2017-04-14,0.9658123850822449
51.0,345.75,2017-06-09,0.9942006468772888
51.0,346.0,2017-08-12,1.0070492029190063
51.0,346.25,2017-06-01,1.9115560054779053
51.0,346.5,2017-06-01,1.4745577573776245
51.0,346.75,2017-06-01,0.9480657577514648
51.0,347.0,2017-05-08,0.7033993005752563
51.0,347.25,2017-06-09,1.1639256477355957
51.0,347.5,2017-06-09,1.2805627584457397
51.0,347.75,2017-06-09,1.3341079950332642
51.0,348.0,2017-06-09,1.1701273918151855
51.0,348.25,2017-06-09,1.1004295349121094
51.0,348.5,2017-06-09,1.1596908569335938
51.0,348.75,2017-06-09,1.5067893266677856
51.0,349.0,2017-06-09,2.0218052864074707
51.0,349.25,2017-05-24,2.0432262420654297
51.0,349.5,2017-05-08,2.0886759757995605
51.0,349.75,2017-05-08,1.7938618659973145
51.0,350.0,2017-05-08,1.6558804512023926
51.0,350.25,2017-04-30,1.5762245655059814
51.0,350.5,2017-04-06,1.6883431673049927
51.0,350.75,2017-04-06,1.9200670719146729
51.0,351.0,2017-04-06,2.1760733127593994
51.0,351.25,2017-04-06,2.282198905944824
51.0,351.5,2017-04-06,1.8093026876449585
51.0,351.75,2017-04-06,2.11557936668396
51.0,352.0,2017-04-06,2.0532851219177246
51.0,352.25,2017-04-06,2.018582344055176
51.0,352.5,2017-04-06,2.1968116760253906
51.0,352.75,2017-04-06,1.7297171354293823
51.0,353.0,2017-04-06,1.8212708234786987
51.0,353.25,2017-04-06,1.673966884613037
51.0,353.5,2017-04-06,1.6217838525772095
51.0,353.75,2017-04-06,1.4526066780090332
51.0,354.0,2017-04-14,1.653087854385376
51.0,354.25,2017-04-14,2.2733192443847656
51.0,354.5,2017-04-14,1.8832577466964722
51.0,354.75,2017-04-06,2.2062389850616455
51.0,355.0,2017-02-25,2.544861316680908
51.0,355.25,2017-10-15,3.4399750232696533
51.0,355.5,2017-02-09,3.7701401710510254
51.0,355.75,2017-05-24,5.2042646408081055
51.0,356.0,,
51.0,356.25,,
51.0,356.5,,
51.0,356.75,,
51.0,357.0,,
51.0,357.25,,
51.0,357.5,,
51.0,357.75,,
51.0,358.0,,
51.0,358.25,,
51.0,358.5,,
51.0,358.75,,
51.0,359.0,,
51.0,359.25,,
51.0,359.5,,
51.0,359.75,,
51.25,345.0,2017-08-04,0.9018503427505493
51.25,345.25,2017-08-12,0.8218543529510498
51.25,345.5,2017-07-03,0.743844747543335
51.25,345.75,2017-08-20,0.7831916213035583
51.25,346.0,2017-08-04,0.8099725246429443
51.25,346.25,2017-08-20,0.9479647874832153
51.25,346.5,2017-05-24,0.7062309384346008
51.25,346.75,2017-05-24,0.9517167210578918
51.25,347.0,2017-05-08,0.852738618850708
51.25,347.25,2017-05-08,0.9069216251373291
51.25,347.5,2017-06-09,1.2199772596359253
51.25,347.75,2017-06-09,1.241994023323059
51.25,348.0,2017-06-09,1.1008752584457397
51.25,348.25,2017-06-09,0.9653456211090088
51.25,348.5,2017-06-09,1.1415544748306274
51.25,348.75,2017-06-09,1.7046396732330322
51.25,349.0,2017-05-08,2.1860828399658203
51.25,349.25,2017-05-08,2.4094343185424805
51.25,349.5,2017-05-08,1.7957524061203003
51.25,349.75,2017-04-30,1.366682529449463
51.25,350.0,2017-04-30,1.5598366260528564
51.25,350.25,2017-04-30,1.5588035583496094
51.25,350.5,2017-02-09,1.5823402404785156
51.25,350.75,2017-02-09,1.6368062496185303
51.25,351.0,2017-03-29,1.6351310014724731
51.25,351.25,2017-04-06,1.991464614868164
51.25,351.5,2017-04-06,2.207779884338379
51.25,351.75,2017-04-06,1.3924626111984253
51.25,352.0,2017-04-06,1.2459015846252441
51.25,352.25,2017-04-06,1.5037513971328735
51.25,352.5,2017-04-06,2.1914236545562744
51.25,352.75,2017-04-06,1.4063054323196411
51.25,353.0,2017-04-06,1.346362590789795
51.25,353.25,2017-04-06,1.3481863737106323
51.25,353.5,2017-04-14,1.2141804695129395
51.25,353.75,2017-04-06,2.1236677169799805
51.25,354.0,2017-04-06,2.2920172214508057
51.25,354.25,2017-04-14,2.6303083896636963
51.25,354.5,2017-04-06,2.0014827251434326
51.25,354.75,2017-04-22,1.9576687812805176
51.25,355.0,2017-02-25,1.9582334756851196
51.25,355.25,2017-02-25,2.666224241256714
51.25,355.5,2017-02-25,3.574052572250366
51.25,355.75,2017-05-24,5.163855075836182
51.25,356.0,2017-02-25,6.360483646392822
51.25,356.25,2017-02-09,10.850198745727539
51.25,356.5,2017-02-01,9.669662475585938
51.25,356.75,2017-02-01,15.368012428283691
51.25,357.0,,
51.25,357.25,,
51.25,357.5,,
51.25,357.75,,
51.25,358.0,,
51.25,358.25,,
51.25,358.5,,
51.25,358.75,,
51.25,359.0,,
51.25,359.25,,
51.25,359.5,,
51.25,359.75,,
51.5,345.0,2017-07-19,0.8421840667724609
51.5,345.25,2017-08-04,0.8171281814575195
51.5,345.5,2017-08-20,0.7533465027809143
51.5,345.75,2017-08-20,0.7924648523330688
51.5,346.0,2017-04-06,0.8846391439437866
51.5,346.25,2017-09-05,0.8469549417495728
51.5,346.5,2017-05-08,0.9615787863731384
51.5,346.75,2017-05-08,1.1828542947769165
51.5,347.0,2017-05-08,1.0677653551101685
51.5,347.25,2017-05-08,1.0054322481155396
51.5,347.5,2017-05-08,1.1815522909164429
51.5,347.75,2017-05-08,1.4605168104171753
51.5,348.0,2017-05-08,1.1397051811218262
51.5,348.25,2017-05-08,0.9170252680778503
51.5,348.5,2017-04-22,0.9337367415428162
51.5,348.75,2017-04-22,1.212520718574524
51.5,349.0,2017-05-24,1.9263890981674194
51.5,349.25,2017-05-08,1.775245189666748
51.5,349.5,2017-04-30,1.217018485069275
51.5,349.75,2017-09-13,1.2177352905273438
51.5,350.0,2017-02-09,1.7517564296722412
51.5,350.25,2017-04-14,2.4187464714050293
51.5,350.5,2017-04-14,2.1934006214141846
51.5,350.75,2017-09-13,2.0843541622161865
51.5,351.0,2017-10-15,2.109344482421875
51.5,351.25,2017-02-09,2.0175857543945312
51.5,351.5,2017-02-09,1.9974400997161865
51.5,351.75,2017-02-09,1.2806662321090698
51.5,352.0,2017-03-29,1.334464192390442
51.5,352.25,2017-03-13,1.5045586824417114
51.5,352.5,2017-03-13,1.782155990600586
51.5,352.75,2017-03-13,1.1998459100723267
51.5,353.0,2017-03-29,1.4681428670883179
51.5,353.25,2017-04-06,1.2310856580734253
51.5,353.5,2017-04-06,1.3986165523529053
51.5,353.75,2017-04-14,1.662661075592041
51.5,354.0,2017-04-14,2.017648696899414
51.5,354.25,2017-04-14,2.1422252655029297
51.5,354.5,2017-02-25,2.4899983406066895
51.5,354.75,2017-02-25,2.59602689743042
51.5,355.0,2017-05-24,3.1258161067962646
51.5,355.25,2017-05-24,5.308567523956299
51.5,355.5,2017-05-24,6.648351669311523
51.5,355.75,2017-05-24,7.32675313949585
51.5,356.0,2017-05-24,8.311447143554688
51.5,356.25,2017-06-01,10.446544647216797
51.5,356.5,,
51.5,356.75,,
51.5,357.0,2017-08-28,9.51903247833252
51.5,357.25,,
51.5,357.5,,
51.5,357.75,,
51.5,358.0,,
51.5,358.25,,
51.5,358.5,,
51.5,358.75,,
51.5,359.0,,
51.5,359.25,,
51.5,359.5,,
51.5,359.75,,
51.75,345.0,2017-08-12,0.8020777106285095
51.75,345.25,2017-08-12,0.676555335521698
51.75,345.5,2017-08-12,0.609667181968689
51.75,345.75,2017-03-29,0.7167765498161316
51.75,346.0,2017-04-06,0.6932674646377563
51.75,346.25,2017-08-20,0.7414109706878662
51.75,346.5,2017-05-24,0.8873817920684814
51.75,346.75,2017-05-24,1.16306471824646
51.75,347.0,2017-05-24,1.1471744775772095
51.75,347.25,2017-05-24,1.120385766029358
51.75,347.5,2017-05-08,0.8293496966362
51.75,347.75,2017-05-08,0.9544503092765808
51.75,348.0,2017-05-08,0.9088170528411865
51.75,348.25,2017-05-08,0.6539939045906067
51.75,348.5,2017-04-22,1.1489832401275635
51.75,348.75,2017-05-08,1.2376095056533813
51.75,349.0,2017-06-01,1.8905317783355713
51.75,349.25,2017-04-22,1.3756654262542725
51.75,349.5,2017-04-14,2.158952474594116
51.75,349.75,2017-04-14,1.9232643842697144
51.75,350.0,2017-02-01,0.8926535248756409
51.75,350.25,,
51.75,350.5,,
51.75,350.75,,
51.75,351.0,,
51.75,351.25,,
51.75,351.5,2017-08-20,2.527419328689575
51.75,351.75,2017-02-01,2.2271628379821777
51.75,352.0,2017-10-23,2.0166938304901123
51.75,352.25,2017-02-01,3.377350330352783
51.75,352.5,2017-02-01,3.640366792678833
51.75,352.75,2017-03-29,1.4592993259429932
51.75,353.0,2017-04-06,1.6812913417816162
51.75,353.25,2017-10-15,2.751401901245117
51.75,353.5,2017-04-30,1.3331589698791504
51.75,353.75,2017-05-16,1.3121894598007202
51.75,354.0,2017-04-22,1.6677578687667847
51.75,354.25,2017-02-01,1.8513437509536743
51.75,354.5,2017-10-31,3.131800889968872
51.75,354.75,2017-03-05,2.854916572570801
51.75,355.0,,
51.75,355.25,2017-05-16,9.51156234741211
51.75,355.5,2017-05-24,8.785877227783203
51.75,355.75,,
51.75,356.0,,
51.75,356.25,,
51.75,356.5,,
51.75,356.75,,
51.75,357.0,,
51.75,357.25,,
51.75,357.5,,
51.75,357.75,,
51.75,358.0,,
51.75,358.25,,
51.75,358.5,,
51.75,358.75,,
51.75,359.0,,
51.75,359.25,,
51.75,359.5,,
51.75,359.75,,
52.0,345.0,2017-08-04,0.8950209021568298
52.0,345.25,2017-08-12,0.7006233334541321
52.0,345.5,2017-08-20,0.4363669455051422
52.0,345.75,2017-08-20,0.39134669303894043
52.0,346.0,2017-04-06,0.6593257188796997
52.0,346.25,2017-04-06,0.5537277460098267
52.0,346.5,2017-05-24,0.7107473611831665
52.0,346.75,2017-05-24,1.0582090616226196
52.0,347.0,2017-05-08,0.910904049873352
52.0,347.25,2017-05-16,0.8820257186889648
52.0,347.5,2017-05-16,0.8301430940628052
52.0,347.75,2017-05-16,0.9862130284309387
52.0,348.0,2017-05-16,0.8553890585899353
52.0,348.25,2017-04-22,0.6707987785339355
52.0,348.5,2017-04-22,1.0717995166778564
52.0,348.75,2017-04-30,1.2809784412384033
52.0,349.0,2017-04-30,1.655508279800415
52.0,349.25,2017-04-14,1.6782233715057373
52.0,349.5,2017-04-14,1.8512115478515625
52.0,349.75,2017-02-09,2.308840274810791
52.0,350.0,2017-04-06,1.489048719406128
52.0,350.25,,
52.0,350.5,,
52.0,350.75,,
52.0,351.0,,
52.0,351.25,,
52.0,351.5,,
52.0,351.75,,
52.0,352.0,,
52.0,352.25,2017-10-23,2.379127264022827
52.0,352.5,2017-02-01,1.9925564527511597
52.0,352.75,2017-04-06,2.9592177867889404
52.0,353.0,2017-02-01,2.3340301513671875
52.0,353.25,2017-04-30,2.5104238986968994
52.0,353.5,2017-05-08,2.400012493133545
52.0,353.75,2017-10-31,2.0465269088745117
52.0,354.0,2017-10-31,2.0640182495117188
52.0,354.25,2017-02-01,1.395257592201233
52.0,354.5,2017-02-09,2.844244956970215
52.0,354.75,2017-02-09,2.9939160346984863
52.0,355.0,2017-03-29,3.369861602783203
52.0,355.25,2017-02-01,3.641319990158081
52.0,355.5,,
52.0,355.75,,
52.0,356.0,,
52.0,356.25,,
52.0,356.5,,
52.0,356.75,,
52.0,357.0,,
52.0,357.25,,
52.0,357.5,,
52.0,357.75,,
52.0,358.0,,
52.0,358.25,,
52.0,358.5,,
52.0,358.75,,
52.0,359.0,,
52.0,359.25,,
52.0,359.5,,
52.0,359.75,,
52.25,345.0,2017-07-03,1.5042518377304077
52.25,345.25,2017-08-04,0.6620398163795471
52.25,345.5,2017-08-04,0.4659155607223511
52.25,345.75,2017-04-22,0.40042033791542053
52.25,346.0,2017-04-06,0.5772597193717957
52.25,346.25,2017-04-06,0.6267699003219604
52.25,346.5,2017-04-06,0.8619632124900818
52.25,346.75,2017-05-08,1.176362156867981
52.25,347.0,2017-05-08,0.8566480278968811
52.25,347.25,2017-05-08,0.9492631554603577
52.25,347.5,2017-06-01,0.857820451259613
52.25,347.75,2017-04-06,0.8219072222709656
52.25,348.0,2017-05-16,0.8677075505256653
52.25,348.25,2017-05-24,0.6312664151191711
52.25,348.5,2017-05-24,0.9358339309692383
52.25,348.75,2017-04-30,1.199249505996704
52.25,349.0,2017-03-29,1.4286413192749023
52.25,349.25,2017-03-29,1.3987382650375366
52.25,349.5,2017-04-14,1.5610783100128174
52.25,349.75,2017-04-22,1.7673027515411377
52.25,350.0,2017-02-09,2.696103096008301
52.25,350.25,,
52.25,350.5,,
52.25,350.75,,
52.25,351.0,,
52.25,351.25,,
52.25,351.5,,
52.25,351.75,,
52.25,352.0,,
52.25,352.25,,
52.25,352.5,,
52.25,352.75,,
52.25,353.0,,
52.25,353.25,2017-04-30,3.4163970947265625
52.25,353.5,2017-04-30,5.367323875427246
52.25,353.75,2017-04-30,4.590949058532715
52.25,354.0,2017-04-30,2.3257102966308594
52.25,354.25,2017-10-31,2.100095272064209
52.25,354.5,2017-02-09,1.9293519258499146
52.25,354.75,2017-02-09,2.3528075218200684
52.25,355.0,2017-02-09,2.692781686782837
52.25,355.25,2017-02-01,2.903649091720581
52.25,355.5,2017-02-01,3.1770119667053223
52.25,355.75,2017-09-21,3.263737916946411
52.25,356.0,,
52.25,356.25,,
52.25,356.5,,
52.25,356.75,,
52.25,357.0,,
52.25,357.25,,
52.25,357.5,,
52.25,357.75,,
52.25,358.0,,
52.25,358.25,,
52.25,358.5,,
52.25,358.75,,
52.25,359.0,,
52.25,359.25,,
52.25,359.5,,
52.25,359.75,,
52.5,345.0,2017-07-03,1.0635758638381958
52.5,345.25,2017-07-03,0.7965701222419739
52.5,345.5,2017-07-03,0.5217339992523193
52.5,345.75,2017-04-06,0.4450603127479553
52.5,346.0,2017-04-30,0.5733205080032349
52.5,346.25,2017-05-16,0.6425986886024475
52.5,346.5,2017-05-24,0.8788419961929321
52.5,346.75,2017-05-24,1.0957015752792358
52.5,347.0,2017-05-08,1.2775201797485352
52.5,347.25,2017-05-08,1.0873689651489258
52.5,347.5,2017-05-08,0.9153865575790405
52.5,347.75,2017-05-16,0.6563919186592102
52.5,348.0,2017-05-16,0.798548698425293
52.5,348.25,2017-05-16,0.8976627588272095
52.5,348.5,2017-05-16,1.761164665222168
52.5,348.75,2017-05-16,1.691680669784546
52.5,349.0,2017-03-29,1.2273974418640137
52.5,349.25,2017-03-29,1.2064199447631836
52.5,349.5,2017-04-22,1.5566961765289307
52.5,349.75,2017-04-14,1.9909017086029053
52.5,350.0,2017-04-14,2.6738574504852295
52.5,350.25,2017-02-09,5.5127177238464355
52.5,350.5,,
52.5,350.75,,
52.5,351.0,,
52.5,351.25,,
52.5,351.5,,
52.5,351.75,,
52.5,352.0,,
52.5,352.25,,
52.5,352.5,,
52.5,352.75,,
52.5,353.0,,
52.5,353.25,,
52.5,353.5,,
52.5,353.75,2017-05-08,5.5117926597595215
52.5,354.0,2017-02-17,3.2442963123321533
52.5,354.25,2017-10-31,2.3070082664489746
52.5,354.5,2017-02-17,2.026426315307617
52.5,354.75,2017-10-23,2.2291629314422607
52.5,355.0,2017-02-09,2.673319101333618
52.5,355.25,2017-02-25,2.572075366973877
52.5,355.5,2017-10-15,3.844982862472534
52.5,355.75,2017-03-29,3.278209686279297
52.5,356.0,,
52.5,356.25,,
52.5,356.5,,
52.5,356.75,,
52.5,357.0,,
52.5,357.25,,
52.5,357.5,,
52.5,357.75,,
52.5,358.0,,
52.5,358.25,,
52.5,358.5,,
52.5,358.75,,
52.5,359.0,,
52.5,359.25,,
52.5,359.5,,
52.5,359.75,,
52.75,345.0,2017-07-03,0.9700020551681519
52.75,345.25,2017-07-03,0.9759343266487122
52.75,345.5,2017-07-03,0.7071378231048584
52.75,345.75,2017-04-22,0.5099303722381592
52.75,346.0,2017-05-08,1.0170481204986572
52.75,346.25,2017-05-16,1.6801972389221191
52.75,346.5,2017-05-24,2.339052200317383
52.75,346.75,2017-05-24,2.4592995643615723
52.75,347.0,2017-05-24,1.7640641927719116
52.75,347.25,2017-05-08,1.0098321437835693
52.75,347.5,2017-05-08,0.8232455849647522
52.75,347.75,2017-05-08,0.6640433669090271
52.75,348.0,2017-05-08,0.9483408331871033
52.75,348.25,2017-05-16,1.1813839673995972
52.75,348.5,2017-04-30,1.4432612657546997
52.75,348.75,2017-05-16,1.4705719947814941
52.75,349.0,2017-05-16,1.3577020168304443
52.75,349.25,2017-04-06,1.2498142719268799
52.75,349.5,2017-03-29,1.356846809387207
52.75,349.75,2017-04-14,1.6082755327224731
52.75,350.0,2017-04-14,2.0446929931640625
52.75,350.25,2017-04-14,2.3372962474823
52.75,350.5,2017-09-29,2.352062225341797
52.75,350.75,,
52.75,351.0,,
52.75,351.25,,
52.75,351.5,,
52.75,351.75,,
52.75,352.0,,
52.75,352.25,,
52.75,352.5,,
52.75,352.75,,
52.75,353.0,,
52.75,353.25,,
52.75,353.5,,
52.75,353.75,2017-06-09,5.8480682373046875
52.75,354.0,2017-04-22,3.8496952056884766
52.75,354.25,2017-02-17,2.785693645477295
52.75,354.5,2017-10-31,2.3575034141540527
52.75,354.75,2017-02-09,2.2582273483276367
52.75,355.0,2017-02-01,2.2855043411254883
52.75,355.25,2017-02-01,2.768502950668335
52.75,355.5,2017-09-21,3.214524745941162
52.75,355.75,2017-03-29,4.0270676612854
52.75,356.0,,
52.75,356.25,,
52.75,356.5,,
52.75,356.75,,
52.75,357.0,,
52.75,357.25,,
52.75,357.5,,
52.75,357.75,,
52.75,358.0,,
52.75,358.25,,
52.75,358.5,,
52.75,358.75,,
52.75,359.0,,
52.75,359.25,,
52.75,359.5,,
52.75,359.75,,
53.0,345.0,2017-08-12,1.0079296827316284
53.0,345.25,2017-08-04,0.8336968421936035
53.0,345.5,2017-04-22,0.6052191257476807
53.0,345.75,2017-04-14,1.0660641193389893
53.0,346.0,2017-04-14,1.2595175504684448
53.0,346.25,2017-05-24,1.7879847288131714
53.0,346.5,2017-05-24,2.544794797897339
53.0,346.75,2017-06-01,2.394144058227539
53.0,347.0,2017-05-24,2.5102126598358154
53.0,347.25,2017-05-08,1.280588984489441
53.0,347.5,2017-05-08,1.1828540563583374
53.0,347.75,2017-05-08,0.9945394992828369
53.0,348.0,2017-05-08,0.788828432559967
53.0,348.25,2017-04-30,1.021587610244751
53.0,348.5,2017-04-30,1.3404273986816406
53.0,348.75,2017-05-16,1.4109336137771606
53.0,349.0,2017-05-16,1.5560401678085327
53.0,349.25,2017-04-06,1.3307199478149414
53.0,349.5,2017-03-29,1.3279603719711304
53.0,349.75,2017-04-06,1.6461254358291626
53.0,350.0,2017-04-06,1.5711528062820435
53.0,350.25,2017-04-06,1.7444988489151
53.0,350.5,2017-04-06,2.0657994747161865
53.0,350.75,,
53.0,351.0,,
53.0,351.25,,
53.0,351.5,,
53.0,351.75,,
53.0,352.0,,
53.0,352.25,,
53.0,352.5,,
53.0,352.75,,
53.0,353.0,,
53.0,353.25,,
53.0,353.5,,
53.0,353.75,,
53.0,354.0,2017-09-21,3.902561902999878
53.0,354.25,2017-04-22,3.453249931335449
53.0,354.5,2017-03-29,2.4282913208007812
53.0,354.75,2017-10-07,2.130864381790161
53.0,355.0,2017-02-25,2.099346160888672
53.0,355.25,2017-02-09,3.1805801391601562
53.0,355.5,2017-02-25,3.557098627090454
53.0,355.75,2017-07-19,1.5013864040374756
53.0,356.0,,
53.0,356.25,,
53.0,356.5,,
53.0,356.75,,
53.0,357.0,,
53.0,357.25,,
53.0,357.5,,
53.0,357.75,,
53.0,358.0,,
53.0,358.25,,
53.0,358.5,,
53.0,358.75,,
53.0,359.0,,
53.0,359.25,,
53.0,359.5,,
53.0,359.75,,
53.25,345.0,2017-07-03,1.0496604442596436
53.25,345.25,2017-08-04,0.9086164832115173
53.25,345.5,2017-07-03,0.7472605109214783
53.25,345.75,2017-05-08,0.8716577291488647
53.25,346.0,2017-05-08,1.5870269536972046
53.25,346.25,2017-05-24,2.0511207580566406
53.25,346.5,2017-05-24,2.73974609375
53.25,346.75,2017-05-24,1.8449660539627075
53.25,347.0,2017-05-24,1.9555203914642334
53.25,347.25,2017-05-24,2.0661232471466064
53.25,347.5,2017-05-24,1.5242745876312256
53.25,347.75,2017-05-08,1.0462392568588257
53.25,348.0,2017-05-08,0.9193596243858337
53.25,348.25,2017-04-30,1.2292304039001465
53.25,348.5,2017-03-29,1.7013520002365112
53.25,348.75,2017-03-29,1.5953068733215332
53.25,349.0,2017-05-16,1.3682117462158203
53.25,349.25,2017-05-16,1.0243993997573853
53.25,349.5,2017-04-06,1.6285107135772705
53.25,349.75,2017-04-06,1.7817977666854858
53.25,350.0,2017-04-06,1.7819206714630127
53.25,350.25,2017-04-06,1.7876558303833008
53.25,350.5,2017-02-25,2.301832437515259
53.25,350.75,2017-03-05,4.211117267608643
53.25,351.0,2017-05-08,2.6985442638397217
53.25,351.25,,
53.25,351.5,,
53.25,351.75,,
53.25,352.0,,
53.25,352.25,,
53.25,352.5,,
53.25,352.75,,
53.25,353.0,,
53.25,353.25,,
53.25,353.5,,
53.25,353.75,,
53.25,354.0,2017-04-22,4.83506965637207
53.25,354.25,2017-04-22,2.9314067363739014
53.25,354.5,2017-02-09,2.1805288791656494
53.25,354.75,2017-02-25,2.013252019882202
53.25,355.0,2017-03-05,2.401946783065796
53.25,355.25,2017-03-05,3.1014223098754883
53.25,355.5,2017-09-13,3.2322285175323486
53.25,355.75,2017-07-11,2.67800235748291
53.25,356.0,2017-04-30,9.165264129638672
53.25,356.25,2017-04-30,12.35733413696289
53.25,356.5,2017-04-14,14.160697937011719
53.25,356.75,,
53.25,357.0,,
53.25,357.25,,
53.25,357.5,,
53.25,357.75,,
53.25,358.0,,
53.25,358.25,,
53.25,358.5,,
53.25,358.75,,
53.25,359.0,,
53.25,359.25,,
53.25,359.5,,
53.25,359.75,,
53.5,345.0,2017-08-12,0.9838737845420837
53.5,345.25,2017-08-12,0.9570673704147339
53.5,345.5,2017-08-12,0.8008850812911987
53.5,345.75,2017-07-03,0.6476717591285706
53.5,346.0,2017-05-08,0.856940507888794
53.5,346.25,2017-03-29,0.9312086701393127
53.5,346.5,2017-05-24,1.308841347694397
53.5,346.75,2017-03-29,1.2625706195831299
53.5,347.0,2017-05-24,1.376899242401123
53.5,347.25,2017-06-01,1.4067096710205078
53.5,347.5,2017-04-30,1.1409350633621216
53.5,347.75,2017-05-08,1.019700527191162
53.5,348.0,2017-05-16,1.2099473476409912
53.5,348.25,2017-05-16,1.5222605466842651
53.5,348.5,2017-04-30,1.7492902278900146
53.5,348.75,2017-03-29,1.4646859169006348
53.5,349.0,2017-05-16,1.2287087440490723
53.5,349.25,2017-05-16,1.0184447765350342
53.5,349.5,2017-04-14,1.0368582010269165
53.5,349.75,2017-05-16,1.1893210411071777
53.5,350.0,2017-10-23,1.9825626611709595
53.5,350.25,,
53.5,350.5,,
53.5,350.75,,
53.5,351.0,,
53.5,351.25,,
53.5,351.5,,
53.5,351.75,,
53.5,352.0,,
53.5,352.25,,
53.5,352.5,,
53.5,352.75,,
53.5,353.0,,
53.5,353.25,,
53.5,353.5,,
53.5,353.75,,
53.5,354.0,2017-09-05,3.228224515914917
53.5,354.25,2017-10-07,2.1634886264801025
53.5,354.5,2017-02-25,2.0342764854431152
53.5,354.75,2017-10-15,2.2413828372955322
53.5,355.0,2017-02-25,2.2640442848205566
53.5,355.25,2017-03-05,2.6424942016601562
53.5,355.5,2017-05-16,3.364318609237671
53.5,355.75,2017-02-09,6.029101371765137
53.5,356.0,2017-04-30,4.143413066864014
53.5,356.25,2017-04-22,3.9454762935638428
53.5,356.5,2017-10-07,5.167503833770752
53.5,356.75,2017-02-09,7.099244117736816
53.5,357.0,,
53.5,357.25,,
53.5,357.5,,
53.5,357.75,,
53.5,358.0,,
53.5,358.25,,
53.5,358.5,,
53.5,358.75,,
53.5,359.0,,
53.5,359.25,,
53.5,359.5,,
53.5,359.75,,
53.75,345.0,2017-07-03,1.0474497079849243
53.75,345.25,2017-07-03,0.9661778211593628
53.75,345.5,2017-07-03,0.8916999101638794
53.75,345.75,2017-07-03,0.7850975394248962
53.75,346.0,2017-08-04,0.7896436452865601
53.75,346.25,2017-04-14,0.8501806259155273
53.75,346.5,2017-04-14,0.6287268400192261
53.75,346.75,2017-05-24,0.8671311736106873
53.75,347.0,2017-05-24,1.0516644716262817
53.75,347.25,2017-05-24,0.9388003945350647
53.75,347.5,2017-04-30,0.807554304599762
53.75,347.75,2017-04-30,0.8794488906860352
53.75,348.0,2017-06-25,1.162872314453125
53.75,348.25,2017-05-08,1.6320971250534058
53.75,348.5,2017-04-30,1.586927890777588
53.75,348.75,2017-05-16,2.1350479125976562
53.75,349.0,2017-05-16,1.6213692426681519
53.75,349.25,2017-03-29,1.2355378866195679
53.75,349.5,2017-04-14,1.4972777366638184
53.75,349.75,2017-04-14,2.0258259773254395
53.75,350.0,2017-04-30,1.6654343605041504
53.75,350.25,2017-10-23,3.3202643394470215
53.75,350.5,,
53.75,350.75,,
53.75,351.0,,
53.75,351.25,,
53.75,351.5,,
53.75,351.75,,
53.75,352.0,,
53.75,352.25,,
53.75,352.5,,
53.75,352.75,,
53.75,353.0,,
53.75,353.25,,
53.75,353.5,,
53.75,353.75,2017-03-13,4.004297256469727
53.75,354.0,2017-10-15,2.885063886642456
53.75,354.25,2017-10-15,2.2172324657440186
53.75,354.5,2017-10-15,2.086158037185669
53.75,354.75,2017-10-15,2.1736984252929688
53.75,355.0,2017-02-09,2.315020799636841
53.75,355.25,2017-10-15,2.4006288051605225
53.75,355.5,2017-02-25,2.0852644443511963
53.75,355.75,2017-02-25,2.073812484741211
53.75,356.0,2017-02-09,2.4613754749298096
53.75,356.25,2017-04-22,2.7132067680358887
53.75,356.5,2017-02-25,3.066218614578247
53.75,356.75,2017-02-25,7.717905044555664
53.75,357.0,2017-03-05,7.298364162445068
53.75,357.25,,
53.75,357.5,,
53.75,357.75,,
53.75,358.0,,
53.75,358.25,,
53.75,358.5,,
53.75,358.75,,
53.75,359.0,,
53.75,359.25,,
53.75,359.5,,
53.75,359.75,,
54.0,345.0,2017-08-04,0.9944983720779419
54.0,345.25,2017-08-04,1.086262583732605
54.0,345.5,2017-08-20,0.85626620054245
54.0,345.75,2017-04-14,0.7409260272979736
54.0,346.0,2017-04-14,0.8505480289459229
54.0,346.25,2017-04-14,1.1169475317001343
54.0,346.5,2017-04-14,1.030164361000061
54.0,346.75,2017-04-14,1.0241061449050903
54.0,347.0,2017-04-14,0.9374698996543884
54.0,347.25,2017-04-14,0.8252204656600952
54.0,347.5,2017-04-14,0.8615592122077942
54.0,347.75,2017-04-14,0.9466499090194702
54.0,348.0,2017-04-14,0.833186686038971
54.0,348.25,2017-04-30,0.9764058589935303
54.0,348.5,2017-04-30,1.1618605852127075
54.0,348.75,2017-05-08,1.7639808654785156
54.0,349.0,2017-03-29,1.8410629034042358
54.0,349.25,2017-05-16,1.5895025730133057
54.0,349.5,2017-04-14,1.4985123872756958
54.0,349.75,2017-04-14,2.4072747230529785
54.0,350.0,2017-04-30,4.313379287719727
54.0,350.25,,
54.0,350.5,,
54.0,350.75,,
54.0,351.0,,
54.0,351.25,,
54.0,351.5,,
54.0,351.75,,
54.0,352.0,,
54.0,352.25,,
54.0,352.5,,
54.0,352.75,,
54.0,353.0,,
54.0,353.25,,
54.0,353.5,,
54.0,353.75,2017-09-05,4.72548770904541
54.0,354.0,2017-02-25,2.4782817363739014
54.0,354.25,2017-10-15,3.2626683712005615
54.0,354.5,2017-04-30,1.6485838890075684
54.0,354.75,2017-04-30,1.6238036155700684
54.0,355.0,2017-10-15,2.475698709487915
54.0,355.25,2017-02-09,1.7584418058395386
54.0,355.5,2017-10-15,2.3059747219085693
54.0,355.75,2017-10-15,2.3259761333465576
54.0,356.0,2017-04-22,2.2754580974578857
54.0,356.25,2017-02-01,2.592374563217163
54.0,356.5,2017-10-23,3.289562940597534
54.0,356.75,2017-10-23,6.156312942504883
54.0,357.0,2017-04-06,11.489334106445312
54.0,357.25,,
54.0,357.5,,
54.0,357.75,,
54.0,358.0,,
54.0,358.25,,
54.0,358.5,,
54.0,358.75,,
54.0,359.0,,
54.0,359.25,,
54.0,359.5,,
54.0,359.75,2017-03-13,6.38222599029541
54.25,345.0,2017-08-04,1.0237184762954712
54.25,345.25,2017-08-04,0.9783769845962524
54.25,345.5,2017-08-20,0.8573437929153442
54.25,345.75,2017-08-20,0.7002376914024353
54.25,346.0,2017-08-12,0.7892281413078308
54.25,346.25,2017-04-30,0.7937861680984497
54.25,346.5,2017-04-14,0.8331851959228516
54.25,346.75,2017-04-30,0.7876701354980469
54.25,347.0,2017-04-30,0.8365533351898193
54.25,347.25,2017-04-30,0.8518962264060974
54.25,347.5,2017-04-30,0.8704700469970703
54.25,347.75,2017-04-30,0.8444711565971375
54.25,348.0,2017-03-29,0.9111526608467102
54.25,348.25,2017-04-30,0.9409354329109192
54.25,348.5,2017-04-30,0.9711486101150513
54.25,348.75,2017-04-30,0.9286061525344849
54.25,349.0,2017-04-30,1.1808724403381348
54.25,349.25,2017-06-01,1.549589991569519
54.25,349.5,2017-04-30,1.2942531108856201
54.25,349.75,2017-04-30,1.736250400543213
54.25,350.0,2017-04-30,2.343233346939087
54.25,350.25,2017-04-30,1.7120171785354614
54.25,350.5,2017-04-30,1.9023863077163696
54.25,350.75,2017-04-30,2.166330575942993
54.25,351.0,2017-09-13,4.102801322937012
54.25,351.25,2017-04-22,7.2486348152160645
54.25,351.5,,
54.25,351.75,,
54.25,352.0,,
54.25,352.25,,
54.25,352.5,,
54.25,352.75,,
54.25,353.0,,
54.25,353.25,,
54.25,353.5,,
54.25,353.75,,
54.25,354.0,,
54.25,354.25,2017-10-23,2.72702693939209
54.25,354.5,2017-05-08,2.264366626739502
54.25,354.75,2017-05-08,1.6802935600280762
54.25,355.0,2017-04-30,1.5517094135284424
54.25,355.25,2017-02-09,2.3658480644226074
54.25,355.5,2017-04-22,1.4826267957687378
54.25,355.75,2017-04-22,2.3881959915161133
54.25,356.0,2017-04-22,2.6152219772338867
54.25,356.25,2017-04-22,2.741325616836548
54.25,356.5,2017-10-23,3.073333501815796
54.25,356.75,2017-05-08,3.5934016704559326
54.25,357.0,2017-07-11,18.409379959106445
54.25,357.25,,
54.25,357.5,,
54.25,357.75,,
54.25,358.0,,
54.25,358.25,,
54.25,358.5,,
54.25,358.75,,
54.25,359.0,,
54.25,359.25,,
54.25,359.5,2017-03-21,3.0561046600341797
54.25,359.75,2017-02-25,3.7453978061676025
54.5,345.0,2017-06-25,0.8719637989997864
54.5,345.25,2017-08-20,0.7339495420455933
54.5,345.5,2017-08-20,0.8190822601318359
54.5,345.75,2017-08-20,0.808502197265625
54.5,346.0,2017-08-20,0.7909096479415894
54.5,346.25,2017-08-12,0.7025473713874817
54.5,346.5,2017-04-30,0.8438717722892761
54.5,346.75,2017-04-30,0.886069655418396
54.5,347.0,2017-04-30,0.8563060164451599
54.5,347.25,2017-04-30,0.9151284694671631
54.5,347.5,2017-04-30,0.8701716661453247
54.5,347.75,2017-04-30,0.9265856146812439
54.5,348.0,2017-04-30,0.9356064200401306
54.5,348.25,2017-04-30,0.9669697880744934
54.5,348.5,2017-04-30,0.9589933753013611
54.5,348.75,2017-04-30,0.9619977474212646
54.5,349.0,2017-04-30,0.9251378178596497
54.5,349.25,2017-04-30,1.1689757108688354
54.5,349.5,2017-04-30,1.4406960010528564
54.5,349.75,2017-04-30,1.640769362449646
54.5,350.0,2017-04-30,1.9940812587738037
54.5,350.25,2017-04-30,1.8330107927322388
54.5,350.5,2017-04-30,1.5946784019470215
54.5,350.75,2017-04-30,1.581550121307373
54.5,351.0,2017-04-30,2.2039601802825928
54.5,351.25,2017-09-13,2.8216300010681152
54.5,351.5,2017-10-23,5.133001327514648
54.5,351.75,2017-03-05,4.136034965515137
54.5,352.0,,
54.5,352.25,,
54.5,352.5,,
54.5,352.75,,
54.5,353.0,,
54.5,353.25,,
54.5,353.5,,
54.5,353.75,,
54.5,354.0,,
54.5,354.25,,
54.5,354.5,2017-04-22,1.9644265174865723
54.5,354.75,2017-02-25,2.0097086429595947
54.5,355.0,2017-02-09,1.7673218250274658
54.5,355.25,2017-10-15,3.4530861377716064
54.5,355.5,2017-10-15,3.969399929046631
54.5,355.75,2017-04-22,2.5898661613464355
54.5,356.0,2017-02-09,2.0069875717163086
54.5,356.25,2017-10-23,2.8074469566345215
54.5,356.5,2017-02-09,3.650118827819824
54.5,356.75,,
54.5,357.0,,
54.5,357.25,,
54.5,357.5,,
54.5,357.75,,
54.5,358.0,,
54.5,358.25,,
54.5,358.5,,
54.5,358.75,,
54.5,359.0,2017-03-05,3.216170072555542
54.5,359.25,2017-10-31,3.3866872787475586
54.5,359.5,2017-04-22,1.81450617313385
54.5,359.75,2017-09-05,1.7663065195083618
54.75,345.0,2017-06-25,0.6601786613464355
54.75,345.25,2017-08-28,0.6668199896812439
54.75,345.5,2017-08-04,0.845750093460083
54.75,345.75,2017-08-04,0.7242791056632996
54.75,346.0,2017-08-20,0.9572598338127136
54.75,346.25,2017-04-30,0.6490919589996338
54.75,346.5,2017-09-21,0.7301604747772217
54.75,346.75,2017-04-30,0.7770491242408752
54.75,347.0,2017-04-30,0.9388407468795776
54.75,347.25,2017-04-30,0.9187456965446472
54.75,347.5,2017-04-30,0.8901606798171997
54.75,347.75,2017-04-30,0.883012056350708
54.75,348.0,2017-04-30,0.9171425700187683
54.75,348.25,2017-04-30,0.935562252998352
54.75,348.5,2017-04-30,0.9407370090484619
54.75,348.75,2017-04-30,0.8716046810150146
54.75,349.0,2017-04-30,0.9176799058914185
54.75,349.25,2017-04-30,0.8435594439506531
54.75,349.5,2017-06-01,1.1464632749557495
54.75,349.75,2017-04-30,1.4812142848968506
54.75,350.0,2017-04-30,1.4845268726348877
54.75,350.25,2017-04-30,1.4846692085266113
54.75,350.5,2017-04-30,1.4174001216888428
54.75,350.75,2017-04-30,1.4365170001983643
54.75,351.0,2017-04-30,1.8780436515808105
54.75,351.25,2017-04-06,3.1544265747070312
54.75,351.5,2017-09-13,2.5166802406311035
54.75,351.75,,
54.75,352.0,,
54.75,352.25,,
54.75,352.5,,
54.75,352.75,,
54.75,353.0,,
54.75,353.25,,
54.75,353.5,,
54.75,353.75,,
54.75,354.0,,
54.75,354.25,2017-04-22,3.7433218955993652
54.75,354.5,2017-02-09,2.130878448486328
54.75,354.75,2017-02-09,2.1354167461395264
54.75,355.0,2017-02-09,3.2143213748931885
54.75,355.25,2017-10-23,5.78337287902832
54.75,355.5,2017-02-09,3.6337966918945312
54.75,355.75,2017-08-28,3.428290367126465
54.75,356.0,2017-03-29,3.7524566650390625
54.75,356.25,2017-06-17,6.114023685455322
54.75,356.5,2017-08-12,15.500472068786621
54.75,356.75,,
54.75,357.0,,
54.75,357.25,,
54.75,357.5,,
54.75,357.75,,
54.75,358.0,,
54.75,358.25,,
54.75,358.5,,
54.75,358.75,2017-03-21,3.568422317504883
54.75,359.0,2017-10-31,3.2369515895843506
54.75,359.25,2017-04-06,1.848704218864441
54.75,359.5,2017-04-14,1.3772847652435303
54.75,359.75,2017-08-28,1.5277392864227295
55.0,345.0,2017-06-25,0.772558331489563
55.0,345.25,2017-06-25,0.7761170864105225
55.0,345.5,2017-04-30,0.6427591443061829
55.0,345.75,2017-04-30,0.6664356589317322
55.0,346.0,2017-08-20,0.8517501354217529
55.0,346.25,2017-08-20,0.7283499240875244
55.0,346.5,2017-04-30,0.67417311668396
55.0,346.75,2017-04-30,0.6641084551811218
55.0,347.0,2017-04-30,0.9009937644004822
55.0,347.25,2017-04-30,0.9461150765419006
55.0,347.5,2017-04-30,0.9241143465042114
55.0,347.75,2017-04-30,0.8704819083213806
55.0,348.0,2017-04-30,0.892654299736023
55.0,348.25,2017-04-30,0.8778421878814697
55.0,348.5,2017-04-30,0.7829287052154541
55.0,348.75,2017-04-30,0.7593424320220947
55.0,349.0,2017-05-08,0.7357496023178101
55.0,349.25,2017-04-30,0.8102397918701172
55.0,349.5,2017-04-30,0.8917025327682495
55.0,349.75,2017-04-30,1.0652419328689575
55.0,350.0,2017-04-30,1.4341250658035278
55.0,350.25,2017-04-30,1.6547811031341553
55.0,350.5,2017-04-30,1.4573285579681396
55.0,350.75,2017-04-30,1.5276429653167725
55.0,351.0,2017-04-30,1.5026792287826538
55.0,351.25,2017-04-30,1.4938324689865112
55.0,351.5,2017-04-30,1.6628414392471313
55.0,351.75,,
55.0,352.0,,
55.0,352.25,,
55.0,352.5,,
55.0,352.75,,
55.0,353.0,,
55.0,353.25,,
55.0,353.5,,
55.0,353.75,,
55.0,354.0,2017-03-05,1.2621722221374512
55.0,354.25,2017-03-05,1.56846284866333
55.0,354.5,2017-04-22,1.595793604850769
55.0,354.75,2017-04-22,2.3534905910491943
55.0,355.0,,
55.0,355.25,,
55.0,355.5,,
55.0,355.75,,
55.0,356.0,,
55.0,356.25,,
55.0,356.5,2017-05-24,5.235799789428711
55.0,356.75,,
55.0,357.0,,
55.0,357.25,,
55.0,357.5,,
55.0,357.75,,
55.0,358.0,,
55.0,358.25,,
55.0,358.5,2017-03-21,4.506896018981934
55.0,358.75,2017-03-21,2.6763246059417725
55.0,359.0,2017-04-06,2.00941801071167
55.0,359.25,2017-03-29,1.5924172401428223
55.0,359.5,2017-04-06,1.261765718460083
55.0,359.75,2017-05-08,1.2864540815353394
55.25,345.0,2017-07-11,0.6761440634727478
55.25,345.25,2017-04-30,0.6631523966789246
55.25,345.5,2017-04-30,0.6564662456512451
55.25,345.75,2017-04-30,0.7103965878486633
55.25,346.0,2017-04-30,0.7316005229949951
55.25,346.25,2017-04-30,0.7645289897918701
55.25,346.5,2017-04-06,0.7122425436973572
55.25,346.75,2017-04-30,0.6787221431732178
55.25,347.0,2017-04-30,0.704062283039093
55.25,347.25,2017-04-30,0.7903855443000793
55.25,347.5,2017-04-30,0.8936428427696228
55.25,347.75,2017-04-30,0.8437405228614807
55.25,348.0,2017-04-30,0.918747067451477
55.25,348.25,2017-04-30,0.7739465236663818
55.25,348.5,2017-05-08,0.8376088738441467
55.25,348.75,2017-05-08,0.8135247230529785
55.25,349.0,2017-04-30,0.8142481446266174
55.25,349.25,2017-05-08,1.070803165435791
55.25,349.5,2017-05-08,1.0333404541015625
55.25,349.75,2017-04-30,0.9595574140548706
55.25,350.0,2017-04-30,1.17558753490448
55.25,350.25,2017-04-30,1.5155640840530396
55.25,350.5,2017-04-30,1.7156230211257935
55.25,350.75,2017-04-30,1.9296185970306396
55.25,351.0,2017-04-30,1.546144962310791
55.25,351.25,2017-04-30,1.3337091207504272
55.25,351.5,2017-04-30,1.4923596382141113
55.25,351.75,2017-03-29,1.681746244430542
55.25,352.0,2017-03-29,1.3261847496032715
55.25,352.25,2017-09-29,1.3141013383865356
55.25,352.5,2017-04-06,1.3547531366348267
55.25,352.75,,
55.25,353.0,2017-09-13,1.5253863334655762
55.25,353.25,2017-08-28,2.119786500930786
55.25,353.5,2017-03-05,1.414106845855713
55.25,353.75,2017-03-05,1.4756124019622803
55.25,354.0,2017-02-09,1.4765009880065918
55.25,354.25,2017-07-03,1.451393485069275
55.25,354.5,2017-10-23,1.6858657598495483
55.25,354.75,2017-04-30,2.424788236618042
55.25,355.0,2017-04-22,4.887090682983398
55.25,355.25,,
55.25,355.5,,
55.25,355.75,,
55.25,356.0,,
55.25,356.25,,
55.25,356.5,,
55.25,356.75,,
55.25,357.0,,
55.25,357.25,,
55.25,357.5,,
55.25,357.75,,
55.25,358.0,,
55.25,358.25,,
55.25,358.5,2017-03-21,3.4896347522735596
55.25,358.75,2017-04-06,1.5517683029174805
55.25,359.0,2017-03-29,1.533911108970642
55.25,359.25,2017-03-29,1.5628890991210938
55.25,359.5,2017-08-20,1.1036144495010376
55.25,359.75,2017-08-28,1.4825124740600586
55.5,345.0,2017-05-08,0.5902767181396484
55.5,345.25,2017-04-30,0.5946758985519409
55.5,345.5,2017-07-11,0.6337330341339111
55.5,345.75,2017-04-30,0.7340973019599915
55.5,346.0,2017-06-25,0.7803913354873657
55.5,346.25,2017-04-30,0.730452299118042
55.5,346.5,2017-04-30,0.7211669087409973
55.5,346.75,2017-04-30,0.6775197386741638
55.5,347.0,2017-04-30,0.6883982419967651
55.5,347.25,2017-04-30,0.7268354296684265
55.5,347.5,2017-04-30,0.7502240538597107
55.5,347.75,2017-04-30,0.7783987522125244
55.5,348.0,2017-04-30,0.8582596182823181
55.5,348.25,2017-04-30,0.8868919610977173
55.5,348.5,2017-04-30,0.8431286215782166
55.5,348.75,2017-05-08,0.8325456380844116
55.5,349.0,2017-05-08,0.9067155122756958
55.5,349.25,2017-05-08,1.8117575645446777
55.5,349.5,2017-05-08,1.607723593711853
55.5,349.75,2017-04-30,0.9593077898025513
55.5,350.0,2017-04-30,1.055195689201355
55.5,350.25,2017-04-30,1.1846779584884644
55.5,350.5,2017-04-30,1.5238902568817139
55.5,350.75,2017-04-30,1.9604097604751587
55.5,351.0,2017-03-29,1.8472726345062256
55.5,351.25,2017-03-29,1.8460931777954102
55.5,351.5,2017-04-30,1.1489537954330444
55.5,351.75,2017-03-29,1.2679142951965332
55.5,352.0,2017-03-29,1.487223744392395
55.5,352.25,2017-03-29,1.369526982307434
55.5,352.5,2017-03-29,1.1994702816009521
55.5,352.75,2017-04-06,1.0316861867904663
55.5,353.0,2017-03-05,1.1144273281097412
55.5,353.25,2017-03-05,1.1174635887145996
55.5,353.5,2017-02-09,1.2087953090667725
55.5,353.75,2017-02-09,1.2078956365585327
55.5,354.0,2017-06-17,1.343462586402893
55.5,354.25,2017-07-11,1.3952208757400513
55.5,354.5,2017-10-23,2.1476809978485107
55.5,354.75,2017-09-21,2.954158067703247
55.5,355.0,2017-03-29,4.137267589569092
55.5,355.25,2017-04-22,6.668670177459717
55.5,355.5,,
55.5,355.75,,
55.5,356.0,,
55.5,356.25,,
55.5,356.5,,
55.5,356.75,,
55.5,357.0,,
55.5,357.25,,
55.5,357.5,,
55.5,357.75,,
55.5,358.0,,
55.5,358.25,,
55.5,358.5,2017-04-06,2.047071933746338
55.5,358.75,2017-04-06,1.5874290466308594
55.5,359.0,2017-03-29,1.1998238563537598
55.5,359.25,2017-04-30,1.1912378072738647
55.5,359.5,2017-04-06,1.1241010427474976
55.5,359.75,2017-04-14,1.08890700340271
55.75,345.0,2017-04-30,0.7291874885559082
55.75,345.25,2017-04-30,0.722557783126831
55.75,345.5,2017-04-30,0.6630606651306152
55.75,345.75,2017-04-30,0.6982109546661377
55.75,346.0,2017-04-30,0.7118841409683228
55.75,346.25,2017-04-30,0.7673208713531494
55.75,346.5,2017-04-30,0.7981131076812744
55.75,346.75,2017-04-30,0.7509353160858154
55.75,347.0,2017-04-30,0.7343390583992004
55.75,347.25,2017-04-30,0.7749410271644592
55.75,347.5,2017-08-20,0.74909508228302
55.75,347.75,2017-08-20,0.7351409196853638
55.75,348.0,2017-04-30,0.9744776487350464
55.75,348.25,2017-04-30,0.96898353099823
55.75,348.5,2017-05-08,0.9328716993331909
55.75,348.75,2017-04-30,0.9451021552085876
55.75,349.0,2017-04-30,1.0063395500183105
55.75,349.25,2017-04-30,1.0417497158050537
55.75,349.5,2017-04-30,1.001177191734314
55.75,349.75,2017-04-30,0.9778354167938232
55.75,350.0,2017-04-30,1.0169620513916016
55.75,350.25,2017-04-30,1.0271059274673462
55.75,350.5,2017-05-08,1.1215301752090454
55.75,350.75,2017-05-08,1.7172595262527466
55.75,351.0,2017-05-08,2.040584087371826
55.75,351.25,2017-05-08,1.9125819206237793
55.75,351.5,2017-05-08,1.9090540409088135
55.75,351.75,2017-03-29,2.009528160095215
55.75,352.0,2017-03-29,1.6487542390823364
55.75,352.25,2017-03-29,1.4652094841003418
55.75,352.5,2017-04-30,1.0405434370040894
55.75,352.75,2017-04-30,1.04099440574646
55.75,353.0,2017-04-22,1.1573446989059448
55.75,353.25,2017-03-13,1.414810061454773
55.75,353.5,2017-04-14,1.2599714994430542
55.75,353.75,,
55.75,354.0,2017-05-08,1.8600448369979858
55.75,354.25,2017-05-16,1.7856897115707397
55.75,354.5,,
55.75,354.75,2017-04-14,3.5028672218322754
55.75,355.0,2017-02-25,2.4685215950012207
55.75,355.25,,
55.75,355.5,,
55.75,355.75,,
55.75,356.0,,
55.75,356.25,,
55.75,356.5,,
55.75,356.75,,
55.75,357.0,,
55.75,357.25,,
55.75,357.5,,
55.75,357.75,,
55.75,358.0,2017-05-08,2.0308890342712402
55.75,358.25,2017-03-21,2.332604169845581
55.75,358.5,2017-03-29,1.8942424058914185
55.75,358.75,2017-04-06,1.4503703117370605
55.75,359.0,2017-04-14,1.2956018447875977
55.75,359.25,2017-04-14,1.25507390499115
55.75,359.5,2017-04-14,1.1186290979385376
55.75,359.75,2017-04-14,1.3306982517242432
56.0,345.0,2017-07-19,0.7869460582733154
56.0,345.25,2017-04-30,0.7257336974143982
56.0,345.5,2017-04-30,0.7074953317642212
56.0,345.75,2017-04-30,0.648898184299469
56.0,346.0,2017-04-30,0.6517871618270874
56.0,346.25,2017-04-30,0.6939193606376648
56.0,346.5,2017-04-30,0.7368014454841614
56.0,346.75,2017-04-30,0.7449614405632019
56.0,347.0,2017-04-30,0.7516503930091858
56.0,347.25,2017-04-30,0.7822446227073669
56.0,347.5,2017-04-30,0.6904873251914978
56.0,347.75,2017-04-30,0.8268038630485535
56.0,348.0,2017-04-30,0.9640711545944214
56.0,348.25,2017-04-30,0.9885162711143494
56.0,348.5,2017-04-30,1.0011476278305054
56.0,348.75,2017-06-09,1.4161256551742554
56.0,349.0,2017-04-30,1.038382649421692
56.0,349.25,2017-05-08,1.0729742050170898
56.0,349.5,2017-04-30,1.1187604665756226
56.0,349.75,2017-04-30,1.051426887512207
56.0,350.0,2017-04-30,0.9589216709136963
56.0,350.25,2017-04-30,0.9603144526481628
56.0,350.5,2017-04-30,1.0204484462738037
56.0,350.75,2017-05-08,1.4453344345092773
56.0,351.0,2017-05-08,2.36136531829834
56.0,351.25,2017-05-08,2.4225311279296875
56.0,351.5,2017-03-29,2.0200014114379883
56.0,351.75,2017-03-29,2.2713844776153564
56.0,352.0,2017-05-08,1.6316845417022705
56.0,352.25,2017-04-30,1.57526433467865
56.0,352.5,2017-04-30,1.5374226570129395
56.0,352.75,2017-04-30,1.3385199308395386
56.0,353.0,2017-04-30,1.0804064273834229
56.0,353.25,2017-04-22,1.2866311073303223
56.0,353.5,2017-04-22,1.2956042289733887
56.0,353.75,2017-09-29,2.0025415420532227
56.0,354.0,2017-04-30,1.7236504554748535
56.0,354.25,,
56.0,354.5,,
56.0,354.75,,
56.0,355.0,,
56.0,355.25,,
56.0,355.5,,
56.0,355.75,,
56.0,356.0,,
56.0,356.25,,
56.0,356.5,,
56.0,356.75,2017-02-25,8.102350234985352
56.0,357.0,2017-04-14,4.2677903175354
56.0,357.25,2017-09-13,5.154529094696045
56.0,357.5,2017-04-06,3.1476967334747314
56.0,357.75,2017-10-15,3.248460292816162
56.0,358.0,2017-03-29,3.3225111961364746
56.0,358.25,2017-03-29,2.390286445617676
56.0,358.5,2017-04-14,1.5010533332824707
56.0,358.75,2017-04-14,1.4037126302719116
56.0,359.0,2017-04-06,1.4221175909042358
56.0,359.25,2017-04-14,1.4457987546920776
56.0,359.5,2017-04-14,1.3779456615447998
56.0,359.75,2017-04-14,1.261447787284851
56.25,345.0,2017-06-09,1.3362722396850586
56.25,345.25,2017-06-09,1.24105966091156
56.25,345.5,2017-04-30,0.7160427570343018
56.25,345.75,2017-04-30,0.7470365166664124
56.25,346.0,2017-04-30,0.7205541729927063
56.25,346.25,2017-04-30,0.7212015390396118
56.25,346.5,2017-04-30,0.6792428493499756
56.25,346.75,2017-04-30,0.6864138245582581
56.25,347.0,2017-04-30,0.701743483543396
56.25,347.25,2017-04-30,0.6978116631507874
56.25,347.5,2017-04-30,0.9458959102630615
56.25,347.75,2017-04-30,1.0892670154571533
56.25,348.0,2017-04-30,1.0578244924545288
56.25,348.25,2017-04-30,1.0293792486190796
56.25,348.5,2017-04-30,1.0072025060653687
56.25,348.75,2017-04-30,1.0468014478683472
56.25,349.0,2017-04-30,1.094824194908142
56.25,349.25,2017-04-30,1.028734803199768
56.25,349.5,2017-04-30,1.0243455171585083
56.25,349.75,2017-04-30,1.0898284912109375
56.25,350.0,2017-04-30,0.968353807926178
56.25,350.25,2017-04-30,0.9701506495475769
56.25,350.5,2017-04-22,0.9491322040557861
56.25,350.75,2017-04-30,1.0090370178222656
56.25,351.0,2017-05-08,2.1174323558807373
56.25,351.25,2017-05-08,1.9413962364196777
56.25,351.5,2017-05-24,2.1659133434295654
56.25,351.75,2017-05-24,1.709242343902588
56.25,352.0,2017-04-14,1.4341092109680176
56.25,352.25,2017-04-30,1.239107608795166
56.25,352.5,2017-05-08,1.3789833784103394
56.25,352.75,2017-06-01,1.056025505065918
56.25,353.0,2017-04-14,1.1580759286880493
56.25,353.25,2017-04-14,1.2674437761306763
56.25,353.5,2017-04-14,1.368654489517212
56.25,353.75,2017-04-14,1.640474557876587
56.25,354.0,2017-04-14,1.728052020072937
56.25,354.25,2017-09-13,1.3486491441726685
56.25,354.5,,
56.25,354.75,,
56.25,355.0,,
56.25,355.25,,
56.25,355.5,,
56.25,355.75,,
56.25,356.0,,
56.25,356.25,,
56.25,356.5,,
56.25,356.75,,
56.25,357.0,2017-09-13,4.533502101898193
56.25,357.25,2017-04-06,4.1460723876953125
56.25,357.5,2017-04-06,3.771596670150757
56.25,357.75,2017-04-06,2.443380117416382
56.25,358.0,2017-03-29,2.4754016399383545
56.25,358.25,2017-03-29,2.368657112121582
56.25,358.5,2017-04-22,1.493622899055481
56.25,358.75,2017-04-22,1.604581356048584
56.25,359.0,2017-04-22,1.2899900674819946
56.25,359.25,2017-04-14,1.2349053621292114
56.25,359.5,2017-08-20,1.6574580669403076
56.25,359.75,2017-08-20,1.6640243530273438
56.5,345.0,2017-05-24,1.0370757579803467
56.5,345.25,2017-06-09,1.1048080921173096
56.5,345.5,2017-06-09,1.3484010696411133
56.5,345.75,2017-04-30,0.8843580484390259
56.5,346.0,2017-04-30,1.0060235261917114
56.5,346.25,2017-04-30,0.9882849454879761
56.5,346.5,2017-04-30,0.7865203619003296
56.5,346.75,2017-04-30,0.6698697209358215
56.5,347.0,2017-04-30,0.6786066889762878
56.5,347.25,2017-04-30,0.8126089572906494
56.5,347.5,2017-04-30,0.8978168964385986
56.5,347.75,2017-04-30,0.9033904671669006
56.5,348.0,2017-04-30,0.8801701068878174
56.5,348.25,2017-04-30,0.9448218941688538
56.5,348.5,2017-04-30,1.062074899673462
56.5,348.75,2017-04-30,1.1321104764938354
56.5,349.0,2017-04-30,1.0951088666915894
56.5,349.25,2017-04-30,0.9775640964508057
56.5,349.5,2017-04-30,0.9984385967254639
56.5,349.75,2017-04-30,0.9691737294197083
56.5,350.0,2017-04-30,0.9321760535240173
56.5,350.25,2017-04-30,0.928065836429596
56.5,350.5,2017-04-30,0.9533247351646423
56.5,350.75,2017-06-01,0.9723644256591797
56.5,351.0,2017-06-01,1.4323309659957886
56.5,351.25,2017-05-24,1.6458275318145752
56.5,351.5,2017-05-24,1.3704428672790527
56.5,351.75,2017-04-14,1.2762526273727417
56.5,352.0,2017-04-14,1.4770312309265137
56.5,352.25,2017-04-14,1.7025083303451538
56.5,352.5,2017-04-30,1.2093157768249512
56.5,352.75,2017-04-14,1.3512130975723267
56.5,353.0,2017-04-14,1.2608064413070679
56.5,353.25,2017-04-14,1.573622226715088
56.5,353.5,2017-06-01,1.3457123041152954
56.5,353.75,2017-04-30,2.176062822341919
56.5,354.0,,
56.5,354.25,,
56.5,354.5,,
56.5,354.75,,
56.5,355.0,,
56.5,355.25,,
56.5,355.5,,
56.5,355.75,,
56.5,356.0,,
56.5,356.25,,
56.5,356.5,,
56.5,356.75,,
56.5,357.0,,
56.5,357.25,2017-02-09,4.729894161224365
56.5,357.5,2017-02-09,2.8388760089874268
56.5,357.75,2017-04-30,2.8523643016815186
56.5,358.0,2017-04-30,2.0026915073394775
56.5,358.25,2017-04-30,1.6152944564819336
56.5,358.5,2017-03-29,1.2568244934082031
56.5,358.75,2017-04-14,1.2924317121505737
56.5,359.0,2017-04-22,1.103218674659729
56.5,359.25,2017-04-22,1.1525462865829468
56.5,359.5,2017-05-08,1.4847166538238525
56.5,359.75,2017-05-08,1.3738458156585693
56.75,345.0,2017-04-30,0.956719696521759
56.75,345.25,2017-06-25,1.3124994039535522
56.75,345.5,2017-06-25,1.5377930402755737
56.75,345.75,2017-06-25,1.5423516035079956
56.75,346.0,2017-06-25,1.1409026384353638
56.75,346.25,2017-06-17,0.9303637146949768
56.75,346.5,2017-04-30,0.9537198543548584
56.75,346.75,2017-04-30,0.8934986591339111
56.75,347.0,2017-04-30,0.8365477919578552
56.75,347.25,2017-04-30,0.7987005114555359
56.75,347.5,2017-04-30,0.8839952349662781
56.75,347.75,2017-04-30,0.7506240010261536
56.75,348.0,2017-04-30,0.7538284659385681
56.75,348.25,2017-04-30,0.7900229692459106
56.75,348.5,2017-04-30,0.8493313193321228
56.75,348.75,2017-04-30,1.1302056312561035
56.75,349.0,2017-04-30,1.2290358543395996
56.75,349.25,2017-04-30,1.0941011905670166
56.75,349.5,2017-04-30,0.9562299251556396
56.75,349.75,2017-04-30,1.0088971853256226
56.75,350.0,2017-04-30,1.0340933799743652
56.75,350.25,2017-04-30,1.0090755224227905
56.75,350.5,2017-06-01,0.9776807427406311
56.75,350.75,2017-06-01,1.0531301498413086
56.75,351.0,2017-05-08,1.1600149869918823
56.75,351.25,2017-06-25,1.6145566701889038
56.75,351.5,2017-06-17,1.1684523820877075
56.75,351.75,2017-04-14,1.1935930252075195
56.75,352.0,2017-04-30,1.101904034614563
56.75,352.25,2017-04-30,1.1856542825698853
56.75,352.5,2017-04-30,1.1990418434143066
56.75,352.75,2017-04-14,1.0886460542678833
56.75,353.0,2017-06-09,1.0845997333526611
56.75,353.25,2017-09-13,1.2518281936645508
56.75,353.5,2017-09-13,1.290732502937317
56.75,353.75,2017-10-23,2.839348554611206
56.75,354.0,2017-05-08,2.269007444381714
56.75,354.25,,
56.75,354.5,,
56.75,354.75,,
56.75,355.0,,
56.75,355.25,,
56.75,355.5,,
56.75,355.75,,
56.75,356.0,,
56.75,356.25,,
56.75,356.5,,
56.75,356.75,,
56.75,357.0,,
56.75,357.25,,
56.75,357.5,2017-04-30,3.732415199279785
56.75,357.75,2017-04-30,3.0377585887908936
56.75,358.0,2017-04-30,2.5663211345672607
56.75,358.25,2017-05-08,1.4642316102981567
56.75,358.5,2017-04-06,1.3657320737838745
56.75,358.75,2017-04-06,1.412005066871643
56.75,359.0,2017-06-25,1.333803415298462
56.75,359.25,2017-06-25,1.3450552225112915
56.75,359.5,2017-06-25,1.1337443590164185
56.75,359.75,2017-06-25,0.9676448106765747
57.0,345.0,2017-04-30,1.107115387916565
57.0,345.25,2017-06-25,1.9889140129089355
57.0,345.5,2017-06-25,1.9872387647628784
57.0,345.75,2017-06-25,1.8177822828292847
57.0,346.0,2017-07-03,1.7843400239944458
57.0,346.25,2017-06-25,1.7041553258895874
57.0,346.5,2017-06-01,1.539673924446106
57.0,346.75,2017-04-30,1.0240130424499512
57.0,347.0,2017-05-16,1.2753099203109741
57.0,347.25,2017-06-01,0.9683325290679932
57.0,347.5,2017-05-24,1.0395556688308716
57.0,347.75,2017-04-30,0.8315081000328064
57.0,348.0,2017-04-30,0.795149028301239
57.0,348.25,2017-04-30,0.8241572976112366
57.0,348.5,2017-04-30,0.7694947123527527
57.0,348.75,2017-04-30,0.9129300713539124
57.0,349.0,2017-04-30,0.9473876953125
57.0,349.25,2017-04-30,1.0977983474731445
57.0,349.5,2017-04-30,1.080129623413086
57.0,349.75,2017-04-30,0.9618313312530518
57.0,350.0,2017-04-30,1.0517473220825195
57.0,350.25,2017-06-01,1.1340512037277222
57.0,350.5,2017-06-01,1.2306846380233765
57.0,350.75,2017-06-25,1.2160063982009888
57.0,351.0,2017-07-03,1.548570990562439
57.0,351.25,2017-06-25,1.5870357751846313
57.0,351.5,2017-06-01,1.5249075889587402
57.0,351.75,2017-05-24,1.0560108423233032
57.0,352.0,2017-04-30,0.9992581605911255
57.0,352.25,2017-04-30,1.2746471166610718
57.0,352.5,2017-04-30,1.1422003507614136
57.0,352.75,2017-04-14,1.2830190658569336
57.0,353.0,2017-04-14,1.2187963724136353
57.0,353.25,2017-04-30,1.3597733974456787
57.0,353.5,2017-04-30,1.695125937461853
57.0,353.75,2017-09-13,2.241577625274658
57.0,354.0,2017-09-13,3.91375732421875
57.0,354.25,,
57.0,354.5,,
57.0,354.75,,
57.0,355.0,,
57.0,355.25,,
57.0,355.5,,
57.0,355.75,,
57.0,356.0,,
57.0,356.25,,
57.0,356.5,,
57.0,356.75,,
57.0,357.0,,
57.0,357.25,,
57.0,357.5,,
57.0,357.75,,
57.0,358.0,2017-04-22,2.6057238578796387
57.0,358.25,2017-09-29,1.4573488235473633
57.0,358.5,2017-05-08,1.181606411933899
57.0,358.75,2017-04-22,1.3188287019729614
57.0,359.0,2017-04-22,1.2890186309814453
57.0,359.25,2017-04-22,1.3846559524536133
57.0,359.5,2017-04-06,1.0631839036941528
57.0,359.75,2017-09-21,1.098887324333191
57.25,345.0,2017-04-30,1.1442716121673584
57.25,345.25,2017-04-30,1.1902047395706177
57.25,345.5,2017-06-25,1.8639761209487915
57.25,345.75,2017-06-25,1.6897094249725342
57.25,346.0,2017-05-24,1.279741883277893
57.25,346.25,2017-07-03,1.599819540977478
57.25,346.5,2017-06-09,2.0968751907348633
57.25,346.75,2017-06-09,2.0490407943725586
57.25,347.0,2017-06-09,1.4566903114318848
57.25,347.25,2017-06-01,1.2612375020980835
57.25,347.5,2017-06-01,1.7619379758834839
57.25,347.75,2017-06-01,1.4100414514541626
57.25,348.0,2017-06-01,0.6942172050476074
57.25,348.25,2017-04-30,0.8391069769859314
57.25,348.5,2017-04-30,0.9648612141609192
57.25,348.75,2017-04-30,0.9681731462478638
57.25,349.0,2017-04-30,0.8988698124885559
57.25,349.25,2017-04-30,0.7963680028915405
57.25,349.5,2017-04-30,0.8003203272819519
57.25,349.75,2017-04-30,0.9077392220497131
57.25,350.0,2017-04-30,1.188361644744873
57.25,350.25,2017-06-01,1.275313377380371
57.25,350.5,2017-06-01,0.9943583011627197
57.25,350.75,2017-07-03,1.700316071510315
57.25,351.0,2017-07-03,1.6628752946853638
57.25,351.25,2017-06-01,2.030829429626465
57.25,351.5,2017-06-01,2.2275009155273438
57.25,351.75,2017-05-24,2.2002933025360107
57.25,352.0,2017-05-24,1.0081583261489868
57.25,352.25,2017-08-12,1.0893656015396118
57.25,352.5,2017-07-03,1.184161901473999
57.25,352.75,2017-07-03,1.5434426069259644
57.25,353.0,2017-04-14,1.3933720588684082
57.25,353.25,2017-04-14,1.6353622674942017
57.25,353.5,2017-04-30,1.6063388586044312
57.25,353.75,2017-04-30,1.9054287672042847
57.25,354.0,2017-02-25,1.466539978981018
57.25,354.25,,
57.25,354.5,,
57.25,354.75,,
57.25,355.0,,
57.25,355.25,,
57.25,355.5,,
57.25,355.75,,
57.25,356.0,,
57.25,356.25,,
57.25,356.5,,
57.25,356.75,,
57.25,357.0,,
57.25,357.25,,
57.25,357.5,,
57.25,357.75,,
57.25,358.0,2017-03-05,3.541646957397461
57.25,358.25,2017-05-08,1.7207636833190918
57.25,358.5,2017-05-08,1.2228326797485352
57.25,358.75,2017-06-25,1.0164916515350342
57.25,359.0,2017-04-22,1.053825855255127
57.25,359.25,2017-04-06,1.245500922203064
57.25,359.5,2017-04-06,1.205387830734253
57.25,359.75,2017-04-06,1.2188562154769897
57.5,345.0,2017-04-30,1.034599781036377
57.5,345.25,2017-04-30,1.1467515230178833
57.5,345.5,2017-04-30,1.0275747776031494
57.5,345.75,2017-06-25,1.4762462377548218
57.5,346.0,2017-06-25,1.5376675128936768
57.5,346.25,2017-04-30,1.6458029747009277
57.5,346.5,2017-06-09,1.9243813753128052
57.5,346.75,2017-06-09,1.7423694133758545
57.5,347.0,2017-05-24,1.2243174314498901
57.5,347.25,2017-06-01,1.4006458520889282
57.5,347.5,2017-06-01,1.5348045825958252
57.5,347.75,2017-06-01,1.727565884590149
57.5,348.0,2017-04-30,1.1294969320297241
57.5,348.25,2017-04-30,1.366756558418274
57.5,348.5,2017-04-30,1.3617651462554932
57.5,348.75,2017-04-30,1.25796639919281
57.5,349.0,2017-04-30,1.0361641645431519
57.5,349.25,2017-04-30,0.887057363986969
57.5,349.5,2017-04-30,0.9883914589881897
57.5,349.75,2017-04-30,1.194512963294983
57.5,350.0,2017-04-30,1.2999463081359863
57.5,350.25,2017-06-01,1.192999243736267
57.5,350.5,2017-06-01,1.1243185997009277
57.5,350.75,2017-06-25,1.5666897296905518
57.5,351.0,2017-06-25,2.1073758602142334
57.5,351.25,2017-06-01,3.202052593231201
57.5,351.5,2017-06-01,3.1543586254119873
57.5,351.75,2017-05-24,2.0626087188720703
57.5,352.0,2017-06-01,0.8943274617195129
57.5,352.25,2017-08-12,1.1149420738220215
57.5,352.5,2017-09-21,1.057433009147644
57.5,352.75,2017-04-30,1.6828746795654297
57.5,353.0,2017-07-03,1.6621595621109009
57.5,353.25,2017-07-03,1.5912165641784668
57.5,353.5,2017-05-08,1.9475027322769165
57.5,353.75,,
57.5,354.0,2017-05-08,2.644631862640381
57.5,354.25,2017-03-21,2.225527048110962
57.5,354.5,,
57.5,354.75,,
57.5,355.0,,
57.5,355.25,,
57.5,355.5,,
57.5,355.75,,
57.5,356.0,2017-02-25,6.032628059387207
57.5,356.25,,
57.5,356.5,,
57.5,356.75,,
57.5,357.0,,
57.5,357.25,,
57.5,357.5,,
57.5,357.75,,
57.5,358.0,,
57.5,358.25,2017-04-30,1.9606350660324097
57.5,358.5,2017-04-30,1.1899691820144653
57.5,358.75,2017-06-25,0.9952384233474731
57.5,359.0,2017-05-16,1.4496471881866455
57.5,359.25,2017-06-25,1.0936716794967651
57.5,359.5,2017-09-21,0.9555568695068359
57.5,359.75,2017-09-21,0.9721073508262634
57.75,345.0,2017-04-30,1.088382601737976
57.75,345.25,2017-04-30,1.1994365453720093
57.75,345.5,2017-04-30,1.3491268157958984
57.75,345.75,2017-06-01,1.6559174060821533
57.75,346.0,2017-04-30,1.3835842609405518
57.75,346.25,2017-04-30,1.5957070589065552
57.75,346.5,2017-04-30,1.6480602025985718
57.75,346.75,2017-04-30,1.711806297302246
57.75,347.0,2017-04-30,1.5526632070541382
57.75,347.25,2017-06-01,1.5354435443878174
57.75,347.5,2017-06-01,1.5185657739639282
57.75,347.75,2017-06-01,1.2647459506988525
57.75,348.0,2017-04-30,1.1544333696365356
57.75,348.25,2017-04-30,1.3482611179351807
57.75,348.5,2017-04-30,1.2098321914672852
57.75,348.75,2017-04-30,1.0237185955047607
57.75,349.0,2017-04-30,0.9431326389312744
57.75,349.25,2017-04-30,1.0676226615905762
57.75,349.5,2017-04-30,1.2340302467346191
57.75,349.75,2017-04-30,1.199939250946045
57.75,350.0,2017-04-30,1.3102726936340332
57.75,350.25,2017-04-30,1.2326887845993042
57.75,350.5,2017-06-01,1.293529987335205
57.75,350.75,2017-06-01,1.9419331550598145
57.75,351.0,2017-06-01,3.0451509952545166
57.75,351.25,2017-06-01,4.25529146194458
57.75,351.5,2017-06-01,3.6440072059631348
57.75,351.75,2017-06-01,2.140782117843628
57.75,352.0,2017-06-01,1.2236753702163696
57.75,352.25,2017-08-12,1.2038342952728271
57.75,352.5,2017-04-30,1.1551510095596313
57.75,352.75,2017-09-13,1.212317705154419
57.75,353.0,2017-07-03,1.4456557035446167
57.75,353.25,2017-07-03,1.480434536933899
57.75,353.5,2017-07-03,1.3277604579925537
57.75,353.75,2017-05-08,2.0891473293304443
57.75,354.0,2017-05-08,2.148676633834839
57.75,354.25,2017-05-08,1.8842142820358276
57.75,354.5,,
57.75,354.75,,
57.75,355.0,,
57.75,355.25,,
57.75,355.5,,
57.75,355.75,,
57.75,356.0,2017-03-13,4.549905300140381
57.75,356.25,2017-09-21,3.452414035797119
57.75,356.5,2017-09-21,2.263014793395996
57.75,356.75,2017-02-25,1.9208576679229736
57.75,357.0,2017-09-21,2.323798418045044
57.75,357.25,2017-03-05,2.1102356910705566
57.75,357.5,2017-03-05,1.6020101308822632
57.75,357.75,2017-03-29,1.604293942451477
57.75,358.0,2017-03-05,1.264542818069458
57.75,358.25,2017-04-30,1.177051305770874
57.75,358.5,2017-06-25,1.2723077535629272
57.75,358.75,2017-06-25,1.1682074069976807
57.75,359.0,2017-06-25,1.4365066289901733
57.75,359.25,2017-07-03,0.9448060393333435
57.75,359.5,2017-04-30,0.9868025183677673
57.75,359.75,2017-04-30,1.0654906034469604
58.0,345.0,2017-04-30,1.2518494129180908
58.0,345.25,2017-04-30,1.251025915145874
58.0,345.5,2017-04-30,1.4238356351852417
58.0,345.75,2017-06-01,1.589630126953125
58.0,346.0,2017-04-30,1.4729552268981934
58.0,346.25,2017-04-30,1.5966792106628418
58.0,346.5,2017-04-30,1.4709534645080566
58.0,346.75,2017-04-30,1.4677503108978271
58.0,347.0,2017-06-01,1.663163185119629
58.0,347.25,2017-06-01,1.5827513933181763
58.0,347.5,2017-06-01,1.2536988258361816
58.0,347.75,2017-06-01,1.2596426010131836
58.0,348.0,2017-04-30,1.0989530086517334
58.0,348.25,2017-04-30,1.2138049602508545
58.0,348.5,2017-04-30,1.3480793237686157
58.0,348.75,2017-04-30,1.178480863571167
58.0,349.0,2017-04-30,1.1085047721862793
58.0,349.25,2017-04-30,0.9749976396560669
58.0,349.5,2017-04-30,0.8908963799476624
58.0,349.75,2017-04-30,1.1185908317565918
58.0,350.0,2017-04-30,1.2261734008789062
58.0,350.25,2017-04-30,1.2158243656158447
58.0,350.5,2017-06-01,1.0227454900741577
58.0,350.75,2017-06-01,1.6119533777236938
58.0,351.0,2017-06-01,1.5983593463897705
58.0,351.25,2017-05-24,3.810332775115967
58.0,351.5,2017-06-01,3.163109302520752
58.0,351.75,2017-06-01,2.6454899311065674
58.0,352.0,2017-06-09,1.5734845399856567
58.0,352.25,2017-04-30,1.4296650886535645
58.0,352.5,2017-04-30,1.217684030532837
58.0,352.75,2017-08-28,1.0329258441925049
58.0,353.0,,
58.0,353.25,,
58.0,353.5,2017-07-11,1.0318570137023926
58.0,353.75,2017-05-08,1.2871615886688232
58.0,354.0,2017-05-08,1.6912345886230469
58.0,354.25,2017-04-30,1.9744315147399902
58.0,354.5,2017-09-13,3.056366205215454
58.0,354.75,,
58.0,355.0,,
58.0,355.25,,
58.0,355.5,,
58.0,355.75,,
58.0,356.0,2017-10-15,4.262108325958252
58.0,356.25,2017-03-05,2.366907835006714
58.0,356.5,2017-10-23,1.5245646238327026
58.0,356.75,2017-04-06,1.4815354347229004
58.0,357.0,2017-09-21,1.974318027496338
58.0,357.25,2017-09-21,1.5566082000732422
58.0,357.5,2017-09-05,1.3331903219223022
58.0,357.75,2017-09-05,1.2985934019088745
58.0,358.0,2017-09-05,1.20841646194458
58.0,358.25,2017-09-05,1.0939511060714722
58.0,358.5,2017-06-25,1.2597475051879883
58.0,358.75,2017-06-25,1.7259540557861328
58.0,359.0,2017-06-25,1.8057653903961182
58.0,359.25,2017-06-25,1.3039658069610596
58.0,359.5,2017-04-30,1.0069938898086548
58.0,359.75,2017-04-30,1.0861530303955078
58.25,345.0,2017-04-30,1.270121693611145
58.25,345.25,2017-04-30,1.2784967422485352
58.25,345.5,2017-04-30,1.3129334449768066
58.25,345.75,2017-04-30,1.4007588624954224
58.25,346.0,2017-04-30,1.4420374631881714
58.25,346.25,2017-04-30,1.4684371948242188
58.25,346.5,2017-04-30,1.4098936319351196
58.25,346.75,2017-06-01,1.5621402263641357
58.25,347.0,2017-06-01,1.64628267288208
58.25,347.25,2017-06-01,1.976306676864624
58.25,347.5,2017-06-01,1.6766443252563477
58.25,347.75,2017-04-30,1.6396864652633667
58.25,348.0,2017-04-30,1.5326027870178223
58.25,348.25,2017-04-30,1.5597825050354004
58.25,348.5,2017-04-30,1.3189218044281006
58.25,348.75,2017-04-30,1.1959882974624634
58.25,349.0,2017-04-30,1.0954878330230713
58.25,349.25,2017-04-30,1.0452284812927246
58.25,349.5,2017-04-30,1.0643845796585083
58.25,349.75,2017-04-30,1.0276236534118652
58.25,350.0,2017-04-30,0.9998907446861267
58.25,350.25,2017-04-30,1.0664286613464355
58.25,350.5,2017-04-30,0.9828068614006042
58.25,350.75,2017-06-01,1.0278652906417847
58.25,351.0,2017-06-01,1.3719234466552734
58.25,351.25,2017-06-09,1.7007993459701538
58.25,351.5,2017-06-09,2.274111270904541
58.25,351.75,2017-06-25,2.4127378463745117
58.25,352.0,2017-06-01,2.5201730728149414
58.25,352.25,2017-06-01,1.9259995222091675
58.25,352.5,2017-04-30,1.3993840217590332
58.25,352.75,2017-08-28,1.1245720386505127
58.25,353.0,2017-09-13,1.2565042972564697
58.25,353.25,2017-08-20,1.6667327880859375
58.25,353.5,,
58.25,353.75,2017-04-30,1.339002013206482
58.25,354.0,2017-04-30,1.397923231124878
58.25,354.25,2017-04-30,1.604675531387329
58.25,354.5,2017-04-30,1.865721344947815
58.25,354.75,2017-04-30,1.8581678867340088
58.25,355.0,,
58.25,355.25,,
58.25,355.5,,
58.25,355.75,,
58.25,356.0,,
58.25,356.25,,
58.25,356.5,2017-10-07,1.4619865417480469
58.25,356.75,2017-04-30,1.1001944541931152
58.25,357.0,2017-04-30,1.177243947982788
58.25,357.25,2017-05-08,1.3166546821594238
58.25,357.5,2017-04-30,1.1501288414001465
58.25,357.75,2017-06-01,1.2193124294281006
58.25,358.0,2017-06-01,1.189294457435608
58.25,358.25,2017-06-25,1.272269368171692
58.25,358.5,2017-06-25,1.4750882387161255
58.25,358.75,2017-06-25,1.779038429260254
58.25,359.0,2017-06-25,1.5046381950378418
58.25,359.25,2017-06-25,1.194046139717102
58.25,359.5,2017-06-17,0.9771022200584412
58.25,359.75,2017-04-30,0.9466626644134521
58.5,345.0,2017-04-30,1.2774909734725952
58.5,345.25,2017-04-30,1.2331384420394897
58.5,345.5,2017-04-30,1.3129068613052368
58.5,345.75,2017-04-30,1.3993208408355713
58.5,346.0,2017-04-30,1.3770009279251099
58.5,346.25,2017-04-30,1.4503253698349
58.5,346.5,2017-04-30,1.5670467615127563
58.5,346.75,2017-06-01,1.550830364227295
58.5,347.0,2017-06-01,1.665373682975769
58.5,347.25,2017-06-01,2.0684139728546143
58.5,347.5,2017-04-30,1.6772643327713013
58.5,347.75,2017-04-30,1.5228639841079712
58.5,348.0,2017-04-30,1.3741273880004883
58.5,348.25,2017-04-30,1.4004507064819336
58.5,348.5,2017-04-30,1.2752811908721924
58.5,348.75,2017-04-30,1.2623871564865112
58.5,349.0,2017-04-30,1.3488738536834717
58.5,349.25,2017-04-30,1.2493139505386353
58.5,349.5,2017-04-30,1.1509121656417847
58.5,349.75,2017-04-30,1.0801893472671509
58.5,350.0,2017-04-30,1.095400333404541
58.5,350.25,2017-04-30,1.0260777473449707
58.5,350.5,2017-04-30,1.0815720558166504
58.5,350.75,2017-06-01,1.0720776319503784
58.5,351.0,2017-06-01,1.1076807975769043
58.5,351.25,2017-06-01,1.2764971256256104
58.5,351.5,2017-06-09,1.6374809741973877
58.5,351.75,2017-06-09,2.3285343647003174
58.5,352.0,2017-06-09,2.296898603439331
58.5,352.25,2017-06-09,2.355175733566284
58.5,352.5,2017-06-09,2.188903331756592
58.5,352.75,2017-06-09,2.280320644378662
58.5,353.0,2017-06-09,1.648087978363037
58.5,353.25,2017-06-09,1.1588891744613647
58.5,353.5,2017-04-30,1.1364513635635376
58.5,353.75,2017-04-30,1.1473314762115479
58.5,354.0,2017-04-30,1.2918592691421509
58.5,354.25,2017-04-30,1.2247583866119385
58.5,354.5,2017-04-30,1.3047566413879395
58.5,354.75,2017-04-30,1.465137004852295
58.5,355.0,,
58.5,355.25,2017-04-30,1.0515803098678589
58.5,355.5,2017-09-13,1.3316830396652222
58.5,355.75,2017-09-13,2.232480525970459
58.5,356.0,2017-10-07,1.5604904890060425
58.5,356.25,2017-04-30,2.022326707839966
58.5,356.5,,
58.5,356.75,,
58.5,357.0,2017-05-08,1.8602079153060913
58.5,357.25,2017-05-08,1.5558959245681763
58.5,357.5,2017-05-08,1.3342472314834595
58.5,357.75,2017-04-30,1.109776496887207
58.5,358.0,2017-09-21,1.264755129814148
58.5,358.25,2017-08-28,1.027316927909851
58.5,358.5,2017-06-25,1.3291622400283813
58.5,358.75,2017-06-25,1.6380715370178223
58.5,359.0,2017-06-25,1.7280634641647339
58.5,359.25,2017-06-25,1.113906741142273
58.5,359.5,2017-09-21,0.8821277022361755
58.5,359.75,2017-05-08,1.2981469631195068
58.75,345.0,2017-04-30,1.4675589799880981
58.75,345.25,2017-04-30,1.6185530424118042
58.75,345.5,2017-04-30,1.5736545324325562
58.75,345.75,2017-04-30,1.5814342498779297
58.75,346.0,2017-04-30,1.5482507944107056
58.75,346.25,2017-04-30,1.4987740516662598
58.75,346.5,2017-04-30,1.3711527585983276
58.75,346.75,2017-04-30,1.4037786722183228
58.75,347.0,2017-04-30,1.6969079971313477
58.75,347.25,2017-04-30,1.7313189506530762
58.75,347.5,2017-04-30,1.5271153450012207
58.75,347.75,2017-04-30,1.3416742086410522
58.75,348.0,2017-04-30,1.299355387687683
58.75,348.25,2017-04-30,1.2896076440811157
58.75,348.5,2017-04-30,1.2301287651062012
58.75,348.75,2017-04-30,1.2330927848815918
58.75,349.0,2017-04-30,1.2094385623931885
58.75,349.25,2017-04-30,1.1934208869934082
58.75,349.5,2017-04-30,1.229496717453003
58.75,349.75,2017-04-30,1.1156480312347412
58.75,350.0,2017-04-30,0.9705238342285156
58.75,350.25,2017-04-30,0.9788289666175842
58.75,350.5,2017-06-17,1.6112662553787231
58.75,350.75,2017-06-17,1.710659384727478
58.75,351.0,2017-06-17,1.9314664602279663
58.75,351.25,2017-06-17,1.8686975240707397
58.75,351.5,2017-06-17,1.3763254880905151
58.75,351.75,2017-06-01,1.2397352457046509
58.75,352.0,2017-06-01,1.5563050508499146
58.75,352.25,2017-06-09,2.3581135272979736
58.75,352.5,2017-06-25,1.722488522529602
58.75,352.75,2017-06-09,2.75146484375
58.75,353.0,2017-06-09,2.801166296005249
58.75,353.25,2017-06-09,2.250741958618164
58.75,353.5,2017-06-09,1.8799920082092285
58.75,353.75,2017-05-08,1.361811637878418
58.75,354.0,2017-05-08,1.4561668634414673
58.75,354.25,2017-09-13,1.0311015844345093
58.75,354.5,2017-09-13,1.1695644855499268
58.75,354.75,2017-04-30,1.000598669052124
58.75,355.0,2017-04-30,1.0998343229293823
58.75,355.25,2017-04-30,1.094180703163147
58.75,355.5,2017-04-30,1.0377804040908813
58.75,355.75,2017-09-13,1.1456190347671509
58.75,356.0,2017-05-08,1.2111289501190186
58.75,356.25,2017-05-08,1.5655063390731812
58.75,356.5,2017-05-08,1.7220168113708496
58.75,356.75,2017-05-08,1.998472809791565
58.75,357.0,2017-05-08,1.8360482454299927
58.75,357.25,2017-05-08,1.6682837009429932
58.75,357.5,2017-08-28,1.1138787269592285
58.75,357.75,2017-07-19,1.0632669925689697
58.75,358.0,2017-06-09,1.2577992677688599
58.75,358.25,2017-06-09,1.2741731405258179
58.75,358.5,2017-07-19,1.2872267961502075
58.75,358.75,2017-06-25,1.5808043479919434
58.75,359.0,2017-06-25,1.7668553590774536
58.75,359.25,2017-05-08,1.3484992980957031
58.75,359.5,2017-05-08,1.292639136314392
58.75,359.75,2017-05-08,1.250893473625183
59.0,345.0,2017-04-30,1.3994406461715698
59.0,345.25,2017-04-30,1.4660669565200806
59.0,345.5,2017-04-30,1.4660862684249878
59.0,345.75,2017-04-30,1.4637703895568848
59.0,346.0,2017-04-30,1.4387844800949097
59.0,346.25,2017-06-01,1.470475673675537
59.0,346.5,2017-06-01,1.2855534553527832
59.0,346.75,2017-04-30,1.3506454229354858
59.0,347.0,2017-04-30,1.274935245513916
59.0,347.25,2017-04-30,1.3283647298812866
59.0,347.5,2017-04-30,1.1814119815826416
59.0,347.75,2017-04-30,1.2192994356155396
59.0,348.0,2017-04-30,1.3070374727249146
59.0,348.25,2017-06-09,1.4388726949691772
59.0,348.5,2017-04-30,1.2612684965133667
59.0,348.75,2017-04-30,1.2485054731369019
59.0,349.0,2017-04-30,1.2169878482818604
59.0,349.25,2017-04-30,1.143408179283142
59.0,349.5,2017-04-30,1.1349949836730957
59.0,349.75,2017-04-30,1.0829188823699951
59.0,350.0,2017-06-01,1.0308527946472168
59.0,350.25,2017-06-01,1.0842472314834595
59.0,350.5,2017-06-09,1.9918385744094849
59.0,350.75,2017-06-17,1.9520399570465088
59.0,351.0,2017-06-17,1.942906141281128
59.0,351.25,2017-06-09,1.8605693578720093
59.0,351.5,2017-06-09,1.8547563552856445
59.0,351.75,2017-06-09,1.901710033416748
59.0,352.0,2017-06-17,1.959118127822876
59.0,352.25,2017-06-09,1.5959837436676025
59.0,352.5,2017-06-09,1.5972237586975098
59.0,352.75,2017-06-09,1.6015007495880127
59.0,353.0,2017-06-25,1.477386474609375
59.0,353.25,2017-07-03,1.9500879049301147
59.0,353.5,2017-06-01,1.3645226955413818
59.0,353.75,2017-06-09,1.261703372001648
59.0,354.0,2017-04-30,1.3342759609222412
59.0,354.25,2017-04-30,1.3364720344543457
59.0,354.5,2017-04-30,1.1301686763763428
59.0,354.75,2017-04-30,1.2622500658035278
59.0,355.0,2017-04-30,1.071539044380188
59.0,355.25,2017-04-30,1.0882985591888428
59.0,355.5,2017-04-30,1.12723708152771
59.0,355.75,2017-08-28,1.1213583946228027
59.0,356.0,2017-08-28,1.042220950126648
59.0,356.25,2017-06-01,1.36329984664917
59.0,356.5,2017-05-08,2.107807159423828
59.0,356.75,,
59.0,357.0,2017-03-21,3.9319939613342285
59.0,357.25,2017-05-08,2.3511040210723877
59.0,357.5,2017-04-30,1.1490572690963745
59.0,357.75,2017-06-01,0.958404541015625
59.0,358.0,2017-07-19,1.1612135171890259
59.0,358.25,2017-07-19,1.413381576538086
59.0,358.5,2017-09-21,1.538175344467163
59.0,358.75,2017-05-16,1.545112133026123
59.0,359.0,2017-06-25,1.49856436252594
59.0,359.25,2017-05-08,1.2080769538879395
59.0,359.5,2017-05-08,1.1220118999481201
59.0,359.75,2017-05-24,1.0821168422698975
59.25,345.0,2017-04-30,1.276891827583313
59.25,345.25,2017-04-30,1.4179660081863403
59.25,345.5,2017-04-30,1.254323959350586
59.25,345.75,2017-04-30,1.3437514305114746
59.25,346.0,2017-04-30,1.2217413187026978
59.25,346.25,2017-06-01,1.5684571266174316
59.25,346.5,2017-04-30,1.5501163005828857
59.25,346.75,2017-04-30,1.6530756950378418
59.25,347.0,2017-04-30,1.4152742624282837
59.25,347.25,2017-04-30,1.338679552078247
59.25,347.5,2017-04-30,1.2736345529556274
59.25,347.75,2017-04-30,1.2248196601867676
59.25,348.0,2017-04-30,1.424144983291626
59.25,348.25,2017-04-30,1.4737896919250488
59.25,348.5,2017-06-09,1.5189316272735596
59.25,348.75,2017-04-30,1.5099865198135376
59.25,349.0,2017-04-30,1.30903160572052
59.25,349.25,2017-04-30,1.2497868537902832
59.25,349.5,2017-06-01,1.17183256149292
59.25,349.75,2017-06-09,1.0188682079315186
59.25,350.0,2017-06-01,0.9638704657554626
59.25,350.25,2017-04-30,1.0703893899917603
59.25,350.5,2017-06-01,1.1884183883666992
59.25,350.75,2017-06-01,1.1619811058044434
59.25,351.0,2017-06-01,1.1807458400726318
59.25,351.25,2017-06-09,1.5511144399642944
59.25,351.5,2017-06-09,1.6139767169952393
59.25,351.75,2017-06-09,2.0522472858428955
59.25,352.0,2017-06-09,1.9854868650436401
59.25,352.25,2017-06-17,1.8580453395843506
59.25,352.5,2017-06-09,1.848145604133606
59.25,352.75,2017-06-09,1.9721567630767822
59.25,353.0,2017-06-09,1.8283989429473877
59.25,353.25,2017-06-25,1.3377749919891357
59.25,353.5,2017-06-09,1.480025053024292
59.25,353.75,2017-07-03,1.752830147743225
59.25,354.0,2017-07-03,1.9309896230697632
59.25,354.25,2017-07-03,1.6572215557098389
59.25,354.5,2017-07-03,1.7504104375839233
59.25,354.75,2017-07-03,1.498639464378357
59.25,355.0,2017-07-11,1.1906445026397705
59.25,355.25,2017-07-11,1.1184797286987305
59.25,355.5,2017-05-24,1.073319911956787
59.25,355.75,2017-05-24,1.2018765211105347
59.25,356.0,2017-05-24,1.1083531379699707
59.25,356.25,2017-08-28,1.0961673259735107
59.25,356.5,2017-05-08,1.333547830581665
59.25,356.75,2017-05-08,1.8406600952148438
59.25,357.0,2017-04-30,2.028944253921509
59.25,357.25,2017-04-30,1.620383620262146
59.25,357.5,2017-04-30,1.9655942916870117
59.25,357.75,2017-05-16,1.2973459959030151
59.25,358.0,2017-05-16,1.1437218189239502
59.25,358.25,2017-05-08,1.035827398300171
59.25,358.5,2017-06-09,1.3030872344970703
59.25,358.75,2017-06-17,1.7485839128494263
59.25,359.0,2017-06-17,1.7735644578933716
59.25,359.25,2017-05-24,1.457996129989624
59.25,359.5,2017-05-24,1.4721537828445435
59.25,359.75,2017-05-24,1.1972726583480835
59.5,345.0,2017-04-30,0.9477135539054871
59.5,345.25,2017-04-30,1.0151962041854858
59.5,345.5,2017-04-30,1.115329623222351
59.5,345.75,2017-04-30,1.0906249284744263
59.5,346.0,2017-04-30,1.2235221862792969
59.5,346.25,2017-06-01,1.8923808336257935
59.5,346.5,2017-06-01,2.140937089920044
59.5,346.75,2017-06-01,2.113288164138794
59.5,347.0,2017-06-01,2.044306755065918
59.5,347.25,2017-04-30,1.4342912435531616
59.5,347.5,2017-04-30,1.4692291021347046
59.5,347.75,2017-04-30,1.4379299879074097
59.5,348.0,2017-04-30,1.320004940032959
59.5,348.25,2017-06-17,1.7327662706375122
59.5,348.5,2017-06-17,1.5330913066864014
59.5,348.75,2017-04-30,1.503045916557312
59.5,349.0,2017-06-09,1.8610163927078247
59.5,349.25,2017-06-09,2.0312588214874268
59.5,349.5,2017-06-09,1.8886231184005737
59.5,349.75,2017-06-09,1.6758854389190674
59.5,350.0,2017-06-09,1.5470470190048218
59.5,350.25,2017-06-01,1.4311790466308594
59.5,350.5,2017-06-09,1.496293544769287
59.5,350.75,2017-06-01,1.6611226797103882
59.5,351.0,2017-06-09,1.402326226234436
59.5,351.25,2017-06-01,1.1450457572937012
59.5,351.5,2017-06-09,1.9074785709381104
59.5,351.75,2017-06-09,2.0549023151397705
59.5,352.0,2017-06-09,1.9964938163757324
59.5,352.25,2017-06-17,1.8976850509643555
59.5,352.5,2017-06-09,1.847084641456604
59.5,352.75,2017-06-09,2.1740942001342773
59.5,353.0,2017-06-09,2.2604715824127197
59.5,353.25,2017-06-09,2.0080463886260986
59.5,353.5,2017-06-09,1.5543633699417114
59.5,353.75,2017-06-17,1.4655381441116333
59.5,354.0,2017-07-03,1.8700158596038818
59.5,354.25,2017-07-03,2.04158616065979
59.5,354.5,2017-07-03,2.1814002990722656
59.5,354.75,2017-07-03,2.252319574356079
59.5,355.0,2017-07-03,1.9642558097839355
59.5,355.25,2017-07-19,1.7467045783996582
59.5,355.5,2017-07-19,1.3206651210784912
59.5,355.75,2017-05-24,1.2344725131988525
59.5,356.0,2017-05-24,1.1299729347229004
59.5,356.25,2017-06-01,1.0557351112365723
59.5,356.5,2017-06-01,1.0385733842849731
59.5,356.75,2017-06-01,1.0648441314697266
59.5,357.0,2017-06-17,1.0550014972686768
59.5,357.25,2017-05-16,1.0792083740234375
59.5,357.5,2017-05-16,1.233591079711914
59.5,357.75,2017-05-16,1.2996315956115723
59.5,358.0,2017-05-16,1.2787892818450928
59.5,358.25,2017-05-16,0.9793904423713684
59.5,358.5,2017-08-12,1.0019702911376953
59.5,358.75,2017-07-03,1.2609798908233643
59.5,359.0,2017-05-16,1.3803737163543701
59.5,359.25,2017-05-24,1.498795509338379
59.5,359.5,2017-05-16,1.1536668539047241
59.5,359.75,2017-05-24,1.2009241580963135
59.75,345.0,2017-04-30,0.9105468392372131
59.75,345.25,2017-04-30,1.052047610282898
59.75,345.5,2017-04-30,1.0960614681243896
59.75,345.75,2017-04-30,1.0902146100997925
59.75,346.0,2017-04-30,1.2265660762786865
59.75,346.25,2017-06-01,1.5339164733886719
59.75,346.5,2017-06-01,2.147263526916504
59.75,346.75,2017-06-01,2.2019262313842773
59.75,347.0,2017-06-01,2.099301338195801
59.75,347.25,2017-06-01,2.654329299926758
59.75,347.5,2017-06-01,2.5022008419036865
59.75,347.75,2017-06-09,1.5714646577835083
59.75,348.0,2017-04-30,1.525126576423645
59.75,348.25,2017-06-01,1.8536518812179565
59.75,348.5,2017-06-01,2.5246500968933105
59.75,348.75,2017-06-01,1.937232494354248
59.75,349.0,2017-06-01,1.3542391061782837
59.75,349.25,2017-06-09,1.2826732397079468
59.75,349.5,2017-06-01,1.6919581890106201
59.75,349.75,2017-06-01,1.7279441356658936
59.75,350.0,2017-06-17,1.498436450958252
59.75,350.25,2017-06-09,1.4778364896774292
59.75,350.5,2017-06-09,1.9231685400009155
59.75,350.75,2017-06-17,1.4412320852279663
59.75,351.0,2017-06-09,1.6073237657546997
59.75,351.25,2017-06-09,1.6579440832138062
59.75,351.5,2017-06-17,1.8032646179199219
59.75,351.75,2017-06-09,2.0352795124053955
59.75,352.0,2017-06-09,2.0980072021484375
59.75,352.25,2017-06-09,1.8138666152954102
59.75,352.5,2017-06-25,1.2293063402175903
59.75,352.75,2017-06-17,1.863937497138977
59.75,353.0,2017-06-17,1.7292115688323975
59.75,353.25,2017-06-17,1.9833095073699951
59.75,353.5,2017-06-09,1.4950823783874512
59.75,353.75,2017-06-09,1.3447506427764893
59.75,354.0,2017-06-09,1.5702811479568481
59.75,354.25,2017-06-09,1.6750712394714355
59.75,354.5,2017-06-25,1.617220401763916
59.75,354.75,2017-07-03,2.1561059951782227
59.75,355.0,2017-07-03,1.8417309522628784
59.75,355.25,2017-07-03,1.86032235622406
59.75,355.5,2017-07-11,1.7135069370269775
59.75,355.75,2017-07-11,1.6980111598968506
59.75,356.0,2017-07-11,1.8182729482650757
59.75,356.25,2017-06-09,1.3605070114135742
59.75,356.5,2017-08-28,1.0292452573776245
59.75,356.75,2017-05-16,1.215928554534912
59.75,357.0,2017-05-16,1.2422685623168945
59.75,357.25,2017-07-19,1.4204611778259277
59.75,357.5,2017-07-19,1.3784440755844116
59.75,357.75,2017-06-09,1.2091940641403198
59.75,358.0,2017-08-20,1.3657147884368896
59.75,358.25,2017-08-20,1.2853527069091797
59.75,358.5,2017-06-17,1.3964401483535767
59.75,358.75,2017-06-25,1.3466033935546875
59.75,359.0,2017-06-17,1.6461527347564697
59.75,359.25,2017-05-16,1.4813984632492065
59.75,359.5,2017-05-16,1.7650995254516602
59.75,359.75,2017-05-24,2.3212554454803467
60.0,345.0,2017-05-08,1.2746378183364868
60.0,345.25,2017-04-30,0.9387542009353638
60.0,345.5,2017-04-30,1.157153606414795
60.0,345.75,2017-04-30,1.079805612564087
60.0,346.0,2017-04-30,1.1310219764709473
60.0,346.25,2017-04-30,1.1635863780975342
60.0,346.5,2017-05-24,1.4190880060195923
60.0,346.75,2017-05-24,1.6781539916992188
60.0,347.0,2017-06-01,1.516039252281189
60.0,347.25,2017-06-01,1.8287920951843262
60.0,347.5,2017-06-09,1.5175877809524536
60.0,347.75,2017-06-01,1.8693723678588867
60.0,348.0,2017-06-01,2.1399643421173096
60.0,348.25,2017-06-01,1.8765888214111328
60.0,348.5,2017-06-01,2.152860164642334
60.0,348.75,2017-06-17,1.9512883424758911
60.0,349.0,2017-06-09,1.8015265464782715
60.0,349.25,2017-06-09,1.4368797540664673
60.0,349.5,2017-06-09,1.2596914768218994
60.0,349.75,2017-06-17,1.5463404655456543
60.0,350.0,2017-06-09,1.204549789428711
60.0,350.25,2017-06-17,1.2099312543869019
60.0,350.5,2017-06-09,1.7369799613952637
60.0,350.75,2017-06-09,2.070629835128784
60.0,351.0,2017-06-17,1.819937825202942
60.0,351.25,2017-06-25,1.1084084510803223
60.0,351.5,2017-06-25,1.1369472742080688
60.0,351.75,2017-06-25,1.0656481981277466
60.0,352.0,2017-06-09,1.6423754692077637
60.0,352.25,2017-06-17,1.4910799264907837
60.0,352.5,2017-06-17,1.7522244453430176
60.0,352.75,2017-06-17,1.3880059719085693
60.0,353.0,2017-06-17,1.6195732355117798
60.0,353.25,2017-06-17,1.4777268171310425
60.0,353.5,2017-06-17,1.5668842792510986
60.0,353.75,2017-06-17,1.3397936820983887
60.0,354.0,2017-06-09,1.587229609489441
60.0,354.25,2017-07-03,1.788261890411377
60.0,354.5,2017-06-17,1.8505979776382446
60.0,354.75,2017-07-03,1.8761000633239746
60.0,355.0,2017-07-03,2.020427942276001
60.0,355.25,2017-07-03,2.023305892944336
60.0,355.5,2017-07-03,1.894732117652893
60.0,355.75,2017-07-11,1.9115118980407715
60.0,356.0,2017-07-11,1.8759536743164062
60.0,356.25,2017-07-11,1.755641222000122
60.0,356.5,2017-07-11,1.7677415609359741
60.0,356.75,2017-07-11,1.4616471529006958
60.0,357.0,2017-07-11,1.0959094762802124
60.0,357.25,2017-07-19,1.3435559272766113
60.0,357.5,2017-06-25,1.5203936100006104
60.0,357.75,2017-06-09,1.4345345497131348
60.0,358.0,2017-08-20,1.3021559715270996
60.0,358.25,2017-07-27,1.2604162693023682
60.0,358.5,2017-06-09,1.620764136314392
60.0,358.75,2017-07-11,1.5112725496292114
60.0,359.0,2017-06-17,1.2794488668441772
60.0,359.25,2017-06-17,1.284903883934021
60.0,359.5,2017-06-25,1.5223010778427124
60.0,359.75,2017-05-16,1.4430038928985596
